Date,Username,Text
"Feb 22, 2024 Â· 2:22 AM UTC",@ch_chotimah2,"Kemarin TKN 02 mengingatkan bahwa Jokowi tak mempunyai kewenangan cawe-cawe dalam pemerintahan Prabowo-Gibran jika memenangkan Pilpres 2024.  Sekarang ada berita adik Prabowo garansi seseorang bakal jadi menteri prabowo.  Sy sih ga kaget, kan Prabowo sendiri yg bilang, ""Dia (Hashim) adalah otak di belakang Gerindra. Saya hanyalah wayang""."
"Feb 22, 2024 Â· 3:26 AM UTC",@PartaiSocmed,Gerombolan yg sama ini dulunya adalah pendukung @prabowo di 2014 dan 2019. Begitu mereka pindah dukungan Prabowo langsung menang. Paham kan kenapa selama ini kami bilang beban @aniesbaswedan adalah pendukungnya sendiri.
"Feb 21, 2024 Â· 4:48 PM UTC",@H4T14K4LN4L42,Viral kan....!  Ini fakta kecurangan Tersetruktur Sistimatis dan masif 02 @KPU_ID @prabowo @jokowi
"Feb 21, 2024 Â· 11:19 AM UTC",@HARIMAU_JAYA,Yeehaaaa ğŸ’ƒğŸ½ğŸ•ºğŸ½ğŸ˜œ
"Feb 22, 2024 Â· 3:41 AM UTC",@tiapradiptha,Gw tidak termasuk 50 sekian persen yang nyoblos Prabowo.
"Oct 26, 2023 Â· 8:42 AM UTC",@tezosdomains,We are kicking off the governance process by asking the DAO to confirm Primate (of @BakingBenjamins and @TezCapital) as our Acting Steward of Governance!  https://talk.tezos.domains/t/p-001-active-confirm-primate-tzc-tez-as-the-acting-steward-of-governance/83
"Feb 22, 2024 Â· 2:59 AM UTC",@ch_chotimah2,"Tahun 2022, AHY masih nyerang rezim Jokowi, katanya Indonesia sdng tdk baik2 saja.  Tapi di tahun 2023, AHY dukung Prabowo yg siap melanjutkan rezim Jokowi.  Dan di tahun 2024, AHY bersedia jd pembantu Jokowi.  Ternyata bkn Indonesia, tp @AgusYudhoyono yg sedang tdk baik2 saja."
"Feb 22, 2024 Â· 3:41 AM UTC",@pilgrimates7,"Bro, ga ada asap kalau ga ada api. Itu jokower anteng2 aja selama buzzer ganjar ga nyenggol jokowi, ibu negara, dan anak2 nya...  Lo tau alasan kenapa suara ganjar terjun bebas?karena dia dan buzzernya masuk ranah itu, hal yg dilakukan buzzer prabowo 2014 dan 2019.."
"Feb 22, 2024 Â· 3:41 AM UTC",@SIGue_bdg,ada rajasa nya di belakang
"Feb 21, 2024 Â· 9:00 AM UTC",@ringofshu,Lah Prabowo dong cok?
"Feb 22, 2024 Â· 3:41 AM UTC",@ridwan2474,Lo ntar jadi menteri apa di kabinet prabowo?? Jangan2 jadi kacung doang.
"Feb 21, 2024 Â· 2:45 PM UTC",@H4T14K4LN4L42,Demo menuntut pemakzulan @jokowi dan diskwalifikasi 02 @prabowo
"Feb 22, 2024 Â· 3:41 AM UTC",@apaluliat2ajg,Cari aja di tiktok dawai Prabowo 11/100
"Feb 22, 2024 Â· 3:41 AM UTC",@tekarok007,"bayangkan kalau AHY kmrn jd cawapres anies? suara partai turun, kalah pula, bakalan ikut barisan sakit hati teriak2 pemilu curang skrng,  itulah namanya nasib g ad yg tau, yg di kira apes krn gagal jd cawapres anies ternyata itu hoki krn jd dukung prabowo dan jd pemenang"
"Feb 22, 2024 Â· 3:36 AM UTC",@FayyadhAma,"Ciee tampangnya, ternyata gemulai ya, tdk sesangar tweetnya.ğŸ¤£ğŸ¤£"
"Feb 22, 2024 Â· 1:10 AM UTC",@RisaHart,"Dulu Gus Dur diomongin karena matanya, sekarang Prabowo diomongin karena kakinya. Memang ya, netizen Indonesia ini senang sekali menghina fisik orang lain. Lupa ngaca kalau dirinya mungkin banyak kekurangan."
"Feb 22, 2024 Â· 3:41 AM UTC",@glock20xx,Prabowo kepada jokowi di tahun ke 2 dia berkuasa :
"Feb 22, 2024 Â· 3:41 AM UTC",@auliaspace,"""cil presiden kita siapa"" ""prabowo"" ""terus jokowi apa"" ""ya jokowi balik ke perkotaannya, terus prabowo yg urusin negaa kita""  KAGETTT bngtğŸ˜³"
"Feb 21, 2024 Â· 12:00 AM UTC",@mukidioon3,"PÃ k @SBYudhoyono @prabowo  Tetangga saya tadi datang kerumah, nangis nangis, di rumah gak ada yang bisa dimakan, uang dari serangan fajar kemaren dah habis, pinjam uang, mau sy tolak karena dukung 02, gak tega! Malah bapak joget joget?1 EMPATIMU dimana?!"
"Feb 22, 2024 Â· 3:40 AM UTC",@jakfar87,Rakyat nyata cinta Jokowi 90% dan pilih Prabowo 70% Guru besar-besar itu apa dipilih rakyat nyata ?
"Feb 21, 2024 Â· 4:45 AM UTC",@dayatpiliang,"gen z tiktok memang ajaib. kalau pdip mode oposisi dan mengerikan ya wajar, itu artinya demokrasi berjalan baik. tapi kalau prabowo mau mode soeharto ya kali mahasiswa seindonesia mau aktifin mode meruntuhkan rezim lagi ğŸ˜€"
"Feb 22, 2024 Â· 3:40 AM UTC",@rkbfor08,Para pemimpin dunia ramai-ramai ucapkan selamat atas kemenangan Prabowo Subianto dan Gibran Rakabuming Raka dalam Pilpres 2024 versi quick count serta Real Count KPU sementara.  #prabowogibran #indonesiamaju #menangsatuputaran #pemimpindunia #rkb #rumahkeluargabersama
"Feb 21, 2024 Â· 1:25 PM UTC",@HARIMAU_JAYA,"Nyoblos sdh selesai, Suara Rakyat ğŸ‡®ğŸ‡© utk 02 INDONESIA MAJU PRAGIB @prabowo @gibran_tweet sdh selisih 35 JUTA suara lbh bnyk dibanding suara anak2 abah @aniesbaswedan utk AMINahAjaduluğŸ˜…  @NasDem @DPP_PKB @cakimiNOW  â€œbagai katak dlm tempurungâ€ ğŸ˜œ  HIDUP INDONESIA RAYAğŸ«¡ğŸ‡®ğŸ‡©ğŸ«°ğŸ½â¤ï¸âœŒğŸ½"
"Feb 22, 2024 Â· 3:40 AM UTC",@my_speak,Pengecut elu min kata babeh aldo
"Feb 22, 2024 Â· 1:46 AM UTC",@dancersejati07,"""Begitu mandat diberikan kepada kami, langkah pertama kami memberi makan kepada seluruh anak Indonesia."" (Prabowo kampanye 2024)  ""Makan siang gratis itu baru diberikan tahun 2029."" (Saraswati setelah quick count)  Bocooooorrrr . .  #BubarkanKPUdanBawaslu #BubarkanKPUdanBawaslu"
"Feb 20, 2024 Â· 9:22 AM UTC",@HukumDan,"Lain kali ajarkan  sopan santun ,adab dan etika kepada ajudan anda bung @prabowo"
"Feb 21, 2024 Â· 1:05 PM UTC",@Kemhan_RI,"Menteri Pertahanan Prabowo Subianto @prabowo menerima courtesy call dengan Duta Besar Prancis untuk Indonesia @KBRI_Paris , H.E. Mr. Fabien Penone di Kemhan, Jakarta, Rabu (21/2)."
"Feb 22, 2024 Â· 3:17 AM UTC",@BANGSAygSUJUD,"Saat ayah #Prabowo nyekar orang tuanya, ada ibu menangisi putrinya yg tak bisa pulang, di Kuala Lumpur  Hati ayah teriris, meminta tolong bunda Nanik bawa kembali si anak apapun resikonya  Tangis pecah saat si anak tahu dia tdk sendiri, ada yg peduli ğŸ˜­  Kini dia telah pulang â¤"
"Feb 21, 2024 Â· 7:13 AM UTC",@Boediantar4,BIKIN MALU â€¼ï¸  PRABOWO-GIBRAN DALAM SOROTAN 3 MEDIA TERKEMUKA DUNIA: The Guardian Inggris New York Times USA The Falls Friend Belanda  MATA DUNIA SUDAH TERBUKA PADA PASLON 02 YG MEMALUKAN â€¼ï¸
"Feb 22, 2024 Â· 3:39 AM UTC",@chavotic,dua kata lucu : prabowo kuromi
"Feb 20, 2024 Â· 10:37 AM UTC",@OmJ_JeNggot,"Real Count KPU  Total suara Masuk 72,37%   Sumber CNN TV   01 . Anies - Muhaimin  Menang Telak 57,34% Suara   02. Prabowo - Gibran  Hanya 23,69% suara  03 Ganjar - Mahfud  Cuma 16,69 % Suara   Berarti suara 01 sudah tidak mungkin di Kejar   Selamat @aniesbaswedan @cakimiNOW"
"Feb 21, 2024 Â· 7:10 AM UTC",@yaniarsim,Capres Pelanggar Etik ğŸ‘‰ @prabowo
"Feb 22, 2024 Â· 3:40 AM UTC",@bajaklautKW,Tedi itu siapa sih??
"Feb 21, 2024 Â· 3:47 AM UTC",@Mythicalforest,"Bongbong Marcos: Anak diktator, menggunakan disinformasi dan sosial media untuk whitewashing kejahatan keluarga   Prabowo: Penjahat HAM berat menggunalan citra ""gemoy untuk whitewashing reputasinya di Timor Leste dan 98  ""Birds of feather flock together"""
"Feb 21, 2024 Â· 11:27 AM UTC",@dapitnih,"Tugas kalian tambah berat juga ya? Awalnya buat bela Prabowo, ternyata ditambah bela Jokowi. Sekarang harus bela AHY juga ternyata ğŸ˜…ğŸ˜…ğŸ˜…"
"Feb 21, 2024 Â· 2:44 PM UTC",@HARIMAU_JAYA,Kami dari pendukung 02 PRAGIB @prabowo @gibran_tweet mengucapkan Selamat kepada @Nasdem @DPP_PKB @cakimiNOW yang msh mau berada dlm 1 barisan bersama anak abah @aniesbaswedan @BabehAldoAje135 yg kepengen banget â€œPERANGâ€ğŸ˜‚   NKRI HARGA MATI!!! ğŸ«¡ğŸ‡®ğŸ‡©  HIDUP INDONESIA RAYAğŸ«¡ğŸ‡®ğŸ‡© ğŸ«°ğŸ½â¤ï¸âœŒğŸ½
"Feb 22, 2024 Â· 2:51 AM UTC",@Kemhan_RI,"Momen Menteri Pertahanan Prabowo Subianto @prabowo menerima courtesy call Duta Besar Prancis untuk Indonesia @FranceJakartaFR , H.E. Mr. Fabien Penone di Kemhan, Jakarta, Rabu (21/2)."
"Feb 22, 2024 Â· 1:40 AM UTC",@TSolihien,Heran Pendukung 02 teriak2 Yaman Yaman. Anies keturunan Yaman.. Ganjar Prabowo Asli keturunan Indonesia. Tidak tau dia Prabowo keturunan China.  Emang susah ngejelasinnya biarpun pake data ttp kagak masuk.  Bilang 01 03 jg curang tuh ada videonya tp gk mau usut kecuranganğŸ¤¦â€â™€ï¸
"Feb 22, 2024 Â· 3:39 AM UTC",@proclaro_lover,"Iya bro, semoga beritanya sampai ke mereka dan segera ada tindakan. ğŸ™"
"Feb 18, 2024 Â· 12:28 PM UTC",@FiinaDu,Betulkah kepala desa yg tolak dukung Prabowo Gibran mulai dipanggil polisi ?  Sehat sehat negeriku.  ğŸ“½ï¸ #ig_gadiss_desaa55
"Feb 22, 2024 Â· 1:48 AM UTC",@dancersejati07,"""Lembaga survei di Indonesia itu biasanya pesenan, dibayar oleh salah satu kontestan, supaya mempengaruhi pikiran rakyat. Semua yang punya nalar tahu bahwa itu bohong."" (Prabowo Subianto, 2019)  #BubarkanKPUdanBawaslu #BubarkanKPUdanBawaslu"
"Feb 22, 2024 Â· 3:39 AM UTC",@cubitisme,Ada yg ibu penasaran ijazah palsu kalo ga salah
"Feb 18, 2024 Â· 1:34 AM UTC",@smekdoncat,Tidak memilih prabowo.
"Feb 22, 2024 Â· 3:39 AM UTC",@mfauzir,"dulu akhir debat capres sampe mohon maaf ke kubu 01 dan 03 , mengakui ucapannya terlalu kasar.. demi menarik simpatik publik.. sekarang malah nuduh nuduh lagi munafik.."
"Feb 21, 2024 Â· 10:03 AM UTC",@Boediantar4,Pertanyaannya? â€¢ Jika JKW magnet mengapa PSI tak lolos ke parlemen? â€¢ Jika Prabowo kuat 58% kenapa Gerindra hanya dapat 13%? â€¢ Jika Ganjar jelek 17% kenapa PDIP juara dg 18%  JAWABANNYA: MANIPULASI SISTEMIK HANYA DILAKUKAN UNTUK SUARA PILPRES ğŸ¤ªâ—
"Feb 22, 2024 Â· 3:39 AM UTC",@ForeverYakub,Alaahhh...kamu aja nanti detik2 Terakhir baru nentuin pilihan....kenapa..?? Karena kamu cuma mau nempel sama pemenang tampa harus berjuang....
"Feb 22, 2024 Â· 3:17 AM UTC",@barubikinlol,Bodyguard BeyoncÃ© aja gak segininya padahal belio lebih penting dari prabowo
"Feb 22, 2024 Â· 3:39 AM UTC",@oi_syahril,"Ga malu ka....lihat, baca dan resapi jejak digital yang bertebaran di dunia Maya"
"Feb 22, 2024 Â· 2:04 AM UTC",@unmagnetism,"selain gibran dan pak ganjar, pernah dinotice pak prabowo juga ternyata sisa pak anies cak imin sama prof mahfud yg blum notice ğŸ˜­"
"Feb 21, 2024 Â· 1:49 PM UTC",@bengkeldodo,"Syukurlah... Suara malah jadi bertambah setelah pemungutan suara ulang.. Trus yang minta pemilu diulang kalau sampai kejadian seperti ini apa masih mau teriak curang?   Suara Prabowo Gibran Tambah 25, Anies Muhaimin Berkurang 21  dan Ganjar Mahfud Kehilangan 17 suara  #PSU #Kebumen inikebumen.com/kebumen/86511â€¦â€¦"
"Feb 22, 2024 Â· 3:39 AM UTC",@giovannipratama,Nanti kepake pas jaman presiden prabowo dils. Mkn Grts. Wkwkwk
"Feb 22, 2024 Â· 2:35 AM UTC",@NayDonuts,"JOKOWI EFFECT. .  .  Sangat berkontribusi besar terhadap perolehan suara paslon 02 @prabowo @gibran_tweet di seluruh Jawa. .  Jadi pengen bilang, ""PDIP itu yaÂ ngono loh, mentang2. Lah iya, padahal PDIP kalau enggak ada Pak @jokowi juga, duh kasihan dah""  .  ğŸƒâ€â™€ï¸ğŸ’¨ğŸ˜âœŒ"
"Feb 21, 2024 Â· 2:25 AM UTC",@Catatan_ali7,Kader Demokrat Dan simpatisan nya selalu menarasi kan ANIES BASWEDAN Penghianat   Lucu nya mereka sekarang Nempel Ke PRABOWO Orang yang Pernah mereka Kasih Julukan JENDERAL KARDUS Karna Menghianati Mereka juga  Pun Hinaan untuk Jokowi berubah jadi Pujian Finally dapet MENTERI ğŸ˜…
"Feb 22, 2024 Â· 3:39 AM UTC",@RicoStickman,"You shouldn't be tired, because raising awareness about Palestine definitely important now."
"Feb 20, 2024 Â· 4:08 PM UTC",@SujudAde,"Logikanya gini wir  Kalo bener Jkw magnet suara knapa PSI ga lolos parlemen? Kalo prabowo bener 58%, knapa Gerindra cuma urutan ke-3? Kalo ganjar segitu jeleknya, knapa PDIP suara terbanyak?  Jawabannya adalah manipulasi jumlah suara.  Gitu aja"
"Feb 22, 2024 Â· 3:39 AM UTC",@RAMDANAzhariNur,memalukan.. ketika rakyat diperbodoh dengan mengikut sertakan mereka dlm kecurangan.. maka rakyat terlibat aksi itu tdk tinggal dalam ruang hampa dan terisolasi.. mereka akan kembali ketengah keluarganya dgn menularkan kebohongan selanjutnya!
"Feb 22, 2024 Â· 3:38 AM UTC",@INDONESIAPERKS4,"Padahal Prabowo Belum Menjabat Sebagai Presiden, Tapi Kelakuan Ajudannya ini sangat Reseh   ğŸ¤£ğŸ¤£ğŸ¤£"
"Feb 22, 2024 Â· 3:38 AM UTC",@DOnyankupon,Faktor penyebab prabowo menang itu @Jokowi himself . Jika beliau konsisten di @ganjarpranowo maka hasil kotak suara akan berbeda signifikan.
"Feb 22, 2024 Â· 2:51 AM UTC",@Kemhan_RI,"Momen Menteri Pertahanan Prabowo Subianto @prabowo, menerima kunjungan Duta Besar Serbia untuk Indonesia H.E. Mrs. Marija Boskovic di Kemhan, Jakarta, Rabu (21/2)."
"Feb 22, 2024 Â· 3:38 AM UTC",@AkiSuminta,"Ga bisa di otak atik,algoritma KPU dh di kunci prabowo menang,walo suara anies menang itungan persentasenya dh di kunci,nah lo mau ngitung manual bukti2nya yg ga melalui KPU?dah lah 02 gaassskeeeuunğŸ¤£ğŸ¤£"
"Feb 22, 2024 Â· 3:38 AM UTC",@denniocaroline,Dulu khan bikin Gubernur DKI Tandingan juga itu jaman Ahok ğŸ¤£
"Feb 22, 2024 Â· 2:19 AM UTC",@MakrupQobul,Andai makhluk yg namanye Jokowi - Prabowo dulu gak pada nyapres mungkin pilpres Indonesia sampai sekarang gak sebrutal ini ğŸ¤£ğŸ¤£
"Feb 22, 2024 Â· 3:38 AM UTC",@Yadiesupri1,Ralat prabowo sadar di 2024..ğŸ˜ğŸ™
"Feb 22, 2024 Â· 3:38 AM UTC",@mbellaangel,Kemenangan Prabowo-Gibran menciptakan suasana optimisme dan kegembiraan. Mari kita terus mendukung mereka untuk mewujudkan visi dan misi yang luar biasa. ğŸŒğŸ‘
"Feb 21, 2024 Â· 3:51 AM UTC",@BSbukit,"Jika diantara kalian menang Pilpres dgn ""CURANG"" @aniesbaswedan @cakimiNOW , @prabowo @gibran_tweet , @ganjarpranowo @mohmahfudmd gaji yg kalian dapat selama 5 tahun adalah HARAM, Kabinet Kalian adalah ""ILEGAL"" kalian Hina Dunia Akhirat! krn menipu ratusan juta rakyat, mikir!ğŸ•µğŸ¿â€â™€ï¸"
"Feb 22, 2024 Â· 3:38 AM UTC",@esdawetseger_,loh anies ini ternyata calon presiden real madrid toğŸ˜…
"Feb 22, 2024 Â· 12:49 AM UTC",@korantempo,Kemenangan versi hitung cepat Prabowo-Gibran dalam Pilpres 2024 dibayar tunai dengan rekor baru harga beras.  Kenaikan harga beras itu terjadi karena stoknya berkurang akibat program bantuan sosial dirapel pada awal Februari.  #KoranTempo #Editorial
"Feb 21, 2024 Â· 8:08 AM UTC",@Miduk17,"Fun fact hari ini :  âœ…ï¸ Moeldoko tidak menghadiri pelantikan AHY di Istana âœ…ï¸ AHY akan satu meja dengan Moeldoko saat rapat kabinet âœ…ï¸ Kewenangan AHY (Pensiunan Mayor) lebih besar dari kewenangan Moeldoko (Mantan Panglima) âœ…ï¸ Moeldoko dan AHY sama2 pendukung Prabowo, jika keduanya diangkat dikabinet Prabowo maka suasana panas dingin akan berlanjut lebih lama"
"Feb 22, 2024 Â· 3:38 AM UTC",@AstriSundini,"Jangan adigung mayor teddy, dunia bisa berubah dengan cepat"
"Feb 22, 2024 Â· 3:38 AM UTC",@vincentlee55656,"Kenapa mereka tidak capres di Yaman atau Suriah atau di Arab atau qatar aja ya, kenapa capres di Indonesia, apa mereka nyasar?"
"Feb 22, 2024 Â· 3:38 AM UTC",@UNapoleonP23,Terima Kasih @jokowi demi anak anda ! dan @prabowo menang anda sudah membuat harga BERAS tidak terkendali ! Karena stock beras dipasaran tersedot program Bansos ! Anda Culas Rakyat Sengsara ! #AMINmenang @aniesbaswedan Presiden Kami
"Feb 22, 2024 Â· 3:38 AM UTC",@tompihariadi,"Lebih parah era Jokowi vs Prabowo lah, cebong vs kampret, panastak vs panasbung wkwkwk"
"Feb 22, 2024 Â· 3:38 AM UTC",@mbellaangel,Terima kasih CSIS Indonesia x Cyrus Network atas pengungkapan data demografis yang begitu detail. Hasilnya menunjukkan bahwa Prabowo-Gibran mendapatkan dukungan merata dari seluruh lapisan masyarakat. ğŸ‘¥ğŸŒŸ https://www.instagram.com/p/C3msRzjsqJN/?utm_source=ig_web_copy_link
"Feb 21, 2024 Â· 7:45 AM UTC",@denismalhotra,Luhut dan Prabowo:
"Feb 21, 2024 Â· 10:06 PM UTC",@HARIMAU_JAYA,"Video 1, okelah mungkin itu area â€œtidak sterilâ€   Video 2, saat peresmian RS. TNI, jelas itu area â€œsterilâ€ apalagi Dr. yg KOLONEL itu sedang menjawab atau menerangkan pertanyaan dari Bpk. Presiden @jokowi   Bpk. @prabowo â€¦.."
"Feb 22, 2024 Â· 3:38 AM UTC",@FauqiRamad10,"Akhirnya dapet jabatan juga ya pak, selamat pak AHY ğŸ‘ğŸ‘  #Ahy #menteriatr #prabowo #jokowi #dilantik #demokratmoeldoko agus harimurti yudhoyono tornado hak angket pisang"
"Feb 22, 2024 Â· 3:37 AM UTC",@Papa_Brewook,"Kita tunggu, krn samapi saat ini yg aku tahu Prabowo itu selalu menepagi janji"
"Feb 22, 2024 Â· 3:37 AM UTC",@spd_gunadi,Semangat terus pak membangun negri ini
"Feb 22, 2024 Â· 3:37 AM UTC",@Budi_2232,"Untuk mendapat jaminan keselamatan hukum & bisnis keluarga pasca jabat presiden.. kenapa JOKOWI (kader PDIP 2004-2023= 19 tahun) pilih dukung PRABOWO NASDEM, bukan dukung GANJAR PDIP?"
"Feb 22, 2024 Â· 3:37 AM UTC",@Toleee19,Akwokwokwok ğŸ¤£ kocak
"Feb 22, 2024 Â· 3:37 AM UTC",@AgusLeonel96,"Mau sampai kapan tinggal ucapkan selamat ke pak prabowo aja kok susah wkwkwkw @angger_sy @angger_sy ngebet bngt sih di kasih nilai sama rakyat gak terima haduhh , hahahahah"
"Feb 21, 2024 Â· 1:03 PM UTC",@republikaonline,Saksi Prabowo-Gibran diduga dipukuli pendukung Anies-Muhaimin di Tapanuli Tengah.  https://pemilukita.republika.co.id/berita/s97i91484/tkn-saksi-prabowo-gibran-dipukuli-kubu-lawan-saat-penghitungan-suara-di-sumut
"Feb 21, 2024 Â· 5:30 PM UTC",@mkusumawijaya,Pemilu 2024 adalah momen tergelap pasca 1998 dalam sejarah Indonesia. Saya pribadi mencatat @jokowi  dan keluarga beserta  @prabowo  dan elit pemdukung sebagai pengkhianat bangsa.
"Feb 22, 2024 Â· 3:37 AM UTC",@RicoStickman,I know. Just saying that we all should be cautious of our own actions.
"Feb 22, 2024 Â· 12:52 AM UTC",@ardi_tama1,"Gambaran betapa masifnya DPT Kita, sangat sulit untuk membuktikan kecurangan di level TSM, pak prabowo dan tim mungkin sudah paham karena 2 periode menggugat hahaha"
"Feb 22, 2024 Â· 3:37 AM UTC",@Yadiesupri1,"PKS ngak ya..?? Coba perhatikan ya,tiap capres yg di dukung PKS gimana..??kita bicara jujur ya,tanya hati nurani dan lihat faktanya..2014 gimana,2019 gimana Untung prabowo sadar di 2014,berpisah sama PKS,akhirnya menang kanğŸ¤£ğŸ¤£ğŸ¤£ Politik identitas itu nyata ga laku bossğŸ¤£ğŸ¤£ğŸ¤£"
"Feb 22, 2024 Â· 3:37 AM UTC",@beniyanto1102,"Prabowo merayakan kebohongannya.... Allah menunjukkan kekuasaanNYA, bahwa prabowo adalah PEMBOHONG https://www.facebook.com/share/r/Bs62UHYsosd9cBVm/?mibextid=0VwfS7"
"Feb 22, 2024 Â· 3:14 AM UTC",@TheDanz94,Kedekatan Pak @prabowo dengan Pimpinan Uni Emirat ArabÂ Mohamed Bin Zayed atauÂ MBZ.  #DiTpsKalahKokMarah FaktaDITPS HasilNyataKPU     #UdahNyataHasilTPSnya MasihAJA GakMAUTERIMA
"Feb 22, 2024 Â· 3:37 AM UTC",@SeriDianawati,"Bli hak angket atw interpelasi ga membuat takut Jokowi maupun Prabowo,sy rasa sampai detik ini Jokowi msh tenang Krn dia sdh mengkondisikan semua ini agar tetap TDK berubah Prabowo dan anaknya sbgai pemenang"
"Feb 22, 2024 Â· 3:37 AM UTC",@barrstwn,ditambah lagi dgn murid-muridnya pasukan panitia surga
"Feb 22, 2024 Â· 3:36 AM UTC",@Kh74787180Abdul,"Betul kata Miftah, tetapi Prabowo dan Gibran yang lain."
"Feb 20, 2024 Â· 7:19 AM UTC",@bengkeldodo,"Jusuf Hamka: Cinta Prabowo Pada NKRI, Jangan Diragukan Lagi  https://papabowo.com/jusuf-hamka-cinta-prabowo-pada-nkri-jangan-diragukan-lagi/"
"Feb 22, 2024 Â· 3:36 AM UTC",@evieafriyanti,"Huhuhu....sedih kak. Anak q aja kelas 5 dah terkontaminasi banget. Dia bilang pak anis pendeta, mao ngejelasin susah juga. Kata dia prabowo udh ngebela bangsa indonesia krn tentara.... ampun dah"
"Feb 22, 2024 Â· 3:36 AM UTC",@OHarimawan,Pendukung Prabowo Gibran penuh drama pelaporan
"Feb 22, 2024 Â· 3:36 AM UTC",@rizaldyal26,Abis ini ikutin jg pak jejak politiknya bong bong marcos ğŸ‘
"Feb 20, 2024 Â· 2:28 AM UTC",@Srik4ndiMuslim2,"Sumatera Selatan, Kota Palembang, Kecamatan Sematang Borang, Desa Karyamulya, TPS 013:  C1: Anies: 126. Prabowo: 100. Ganjar : 16.  Sirekap: Anies: 0. Prabowo: 400. Ganjar: 0.  Gantung mati ketua KPU curang!  #GantungMatiKetuaKPU #GantungMatiKetuaKPU"
"Feb 22, 2024 Â· 3:36 AM UTC",@Petruk_Penipu,Yg nyerang siapa tong
"Feb 22, 2024 Â· 3:36 AM UTC",@widodo_oi,"Yo kari nunggu ae.ilmu iku tinemu kanti laku,laku kelawan kas,kas teges nyantosaniğŸ™rukun agawe santoso,sakdremo,sakmadyo,madyopodo,owah gingsir,nyokro manggilingan.#elingwaspodo"
"Feb 22, 2024 Â· 3:36 AM UTC",@DonTimoteo1902,3 presiden bersatu  SBY Jokowi Prabowo
"Feb 22, 2024 Â· 3:36 AM UTC",@kelingwardoyo,"Jangan karena beda pilihan, trus primitif primitif orang mbak, korup? Yang pernah di panggil kpk tuh anies bukan prabowo. Ilegal? Kalo ilegal mereka ga akan lolos dari proses kpu,  Sudahlah ini udah selesai, balik ke dunia nyata, jangan ngerasa paling tinggi derajat trus"
"Feb 22, 2024 Â· 12:34 AM UTC",@Dyananjani89,Mau Pemilu diulang sampe rambut Ganjar Pranowo menghitam dan ring Jantung Denny Siregar karatan.  Gua akan tetap Dukung Pak Jokowi yg mementori Pak Prabowo-Gibran   Hidup ini simple kok  Yg sulit itu hidup org2 yg  keok Pemilu tp ngerasa menang ğŸ¥°
"Feb 22, 2024 Â· 3:36 AM UTC",@Noura32638552,Muka badak semua
"Feb 22, 2024 Â· 3:36 AM UTC",@AwingDamin34525,Mereka benar2 tidak kehabisan akal setelah film dirty vote skrng ingin lanjut hak angket masyarakat semakin merapat ke Prabowo Gibran
"Feb 22, 2024 Â· 3:36 AM UTC",@DemokratSergai,"Junjung tinggi etika politik, AHY sowan ke Prabowo dan Hadi Tjahjanto pasca diminta Presiden Jokowi jadi Menteri ATR/BPN.  #PartaiDemokrat #pdemokrat #Demokrat #AHY"
"Feb 22, 2024 Â· 3:36 AM UTC",@pisangeprek,prabowo prabowo prabowo prabowo prabowo prabowo prabowo prabowo prabowo prabowo prabowo prabowo prabowo prabowo prabowo prabowo prabowo prabowo prabowo prabowo prabowo prabowo prabowo prabowo prabowo prabowo prabowo prabowo prabowo prabowo prabowo prabowo prabowo prabowo prabowo
"Feb 22, 2024 Â· 3:36 AM UTC",@demenngocehh,Udah jatoh harga diri si memed semenjak pilih prabowo wkkw
"Feb 22, 2024 Â· 3:36 AM UTC",@muliiy_,Lah memang bener rip demokrasi masa udah kalah di salah satu tps terus saksiÂ² dari prabowo gibran di keroyok sama pendukungnya 01. Trus juga ada yg rumahnya kpps di bom Karena di tps 02 unggul. Pendukungnya abah pada fanatik semua
"Feb 21, 2024 Â· 2:07 PM UTC",@muchlis_ar,"Masuk Kabinet di injury time, Demokrat dg gagah langsung nyindir anggota kabinet lain non Prabowo: anggota kabinet rasa oposisi..  Padahal itu PDIP dkk yg jadiin Jokowi Presiden di 2019..  Nglawan Demokrat dkk.  Gagah. ğŸ˜œ"
"Feb 16, 2024 Â· 12:45 PM UTC",@OmJ_JeNggot,Hasil Perolehan suara sementara d Kelurahan Manggarai Selatan Kec Tebet Jakarta Selatan   Anies Muhaimin : 4898 suara  Prabowo Gibran : 3486 suara Ganjar Mahfud : 1384 suara   Ket: 6 TPS tanpa C1 & beberapa TPS blm ada Masuk data sm sekali   ğŸ‘‡seharusnya semua data sudah ada
"Feb 22, 2024 Â· 3:35 AM UTC",@ganas_rambo,"Klo masih berkurang di 24% doanya SDH terjawab bahwa memang blm waktunya untuk menjadi presiden,ikhlas saja pak memang sulit tp itu adalah hal yg SDH dirasakan pak Prabowo selama 15 tahun,BPK perlu bljr ikhlas,jgn terima saran dr pak ijin klo dia memang gak punya malu"
"Feb 22, 2024 Â· 3:35 AM UTC",@bangonae,Padahal sblmnya rakyat udah tau ada video prabowo udah janjiin jatah mentri buat AHY ğŸ˜‚
"Feb 22, 2024 Â· 3:35 AM UTC",@danjarbe,"Prabowo Keturunan china, bukan imigran asing?"
"Feb 22, 2024 Â· 3:35 AM UTC",@TIO70778960,ini bener kader PD Mas Ketum?
"Feb 20, 2024 Â· 12:26 PM UTC",@BonekaSengkuni,Otak dungu di ajak perubahan gak mau  Mampus rasain lu...otak kerdil Bukan begitu bang @LexWu_13
"Feb 20, 2024 Â· 9:43 AM UTC",@STresnowati1,"Setelah penggelembungan suara terungkap . Dan PS terancam di diskualifikasi. Prabowo pusing , geleng geleng kepala terus . Samsul tercengang bingung , bukankah kemarin sudah deklarasi menang. Jokowi pucat, panik.  Bertindak nekad menghubungi sana sini agar mau masuk dlm kualifikasi anaknya . Yang di bujuk pertama adalah Surya Paloh.  Sayang Jokowi salah pilih lawan.  SP ga bergeming dia ingin meneruskan proses pilpres sampai tuntas bersama AMIN. Alhamdulillah.ğŸ™ğŸ˜‚"
"Feb 22, 2024 Â· 3:35 AM UTC",@LaskarDhipayuda,kalo ini Gwe Setuju Lek.. Kuncinya Liat Nanti Setelah Pak Prabowo Resmi Dilantik.. Kalo Mas @AgusYudhoyono Seperti apa yg tlh Di ucapkan Pak Prabowo pas Kampanye Di malang dan di tempatkan di antara 2 posisi ini.. MENHAN / MENKOPOLHUKAM..Ada indikasi Mas AHY emang udah disiapkan
"Feb 22, 2024 Â· 3:35 AM UTC",@chai81chai,"Dulu prabowo kalah di bully,sekarang prabowo menang masih di bully jg,cuma boleh menang sendiri,susah mengakui strategi keberhasilan pihak lain ğŸ˜ğŸ˜"
"Feb 21, 2024 Â· 5:03 PM UTC",@H4T14K4LN4L42,Viralkan  .....!  Terbongkar kembali kecurangan Tersetruktur Sistimatis dan masif komesioner kpps di tos 013 Samarinda...!  Memenangkan 02 @prabowo
"Feb 22, 2024 Â· 3:35 AM UTC",@Jemmyp21,"Poinnya buat rakyat seperti saya yang penting benar benar jujur dan adil, kalau ga bener ya harus diungkap ditangkap dan diproses hukum, katanya NKRI negara HUKUM, sampai pejabat manapun kalau salah ya harus dan wajib dihukum ga ada yg bisa menghindar"
"Feb 22, 2024 Â· 3:35 AM UTC",@maleeqa___,"Laah dulu dia gila2an dukung Prabowo kan? Trus, dia pikir si Wan Angin lebih bagus dr Prabowo? Emang bener2 ni manusia atu otaknya ditaro dimana tau ğŸ˜."
"Feb 22, 2024 Â· 3:35 AM UTC",@Ergum5,"Mungkin imam mahdi lagi mau nego, biar ditarik ke kabinet, kalo gw jd prabowo mah ogah, aplg njer n mpud muka lu jauh"
"Feb 22, 2024 Â· 3:35 AM UTC",@indpram1310,"Setelah Prabowo ""membelot"" ke Jokowi maka mereka mencari inang yang baru, ketemulah inang idealnya yaitu Anies"
"Feb 5, 2024 Â· 11:24 AM UTC",@msaid_didu,"Pak @SBYudhoyono, prof @Yusrilihza_Mhd, pak @airlangga_hrt, pak @AgusYudhoyono, pak @ZUL_Hasan, pak @prabowo yth, Gibran diajukan jadi cawapres dg bukti pelanggaran etika di MK dan KPU. Semoga hati nurani Bapak-Bapak masih bisa tersentuh utk selamatkan bangsa dan demokrasi."
"Feb 22, 2024 Â· 3:35 AM UTC",@Rianhidayat4869,Mau siapapun yg mereka dukung pasti kalah di tiap pemilu capres    kalo pilpres kan menjangkau semua daerah Indonesia dengan berbagai macam agama dan budaya  ya pastilah akan kalah
"Feb 22, 2024 Â· 3:34 AM UTC",@mbellaangel,"Kita patut bangga melihat bahwa Prabowo-Gibran berkomitmen untuk merangkul seluruh pihak, menghapuskan polarisasi yang mungkin terjadi."
"Feb 20, 2024 Â· 12:42 PM UTC",@Mc_Gobed,"Maaf pemilihku, kalian kena prank. Yang penting kan aku sudah dapat suaranya plus ditambahin abang KPU juga. Silahkan aja nyari dan beli sendiri ya Sorry yeee....!! . ."
"Feb 22, 2024 Â· 3:34 AM UTC",@Zaenal84532048,"Senang nya ,akhir nya cita cita hidupnya tercapai juga ,hasil bergabung dgn Prabowo dpt jatah nya juga ,lumayan lah"
"Feb 21, 2024 Â· 1:07 PM UTC",@prabowogibran2,Keluarga besar Tim Kampanye Nasional (TKN) Prabowo-Gibran mengucapkan selamat atas dilantiknya Mas @AgusYudhoyono sebagai Menteri @atr_bpn
"Feb 21, 2024 Â· 4:04 PM UTC",@Catatan_ali7,Baru jadi menteri 7 bulan doang pada belagu  ANIES BASWEDAN Pernah jadi Menteri walau hanya 2 Tahun lebih lama dari 7 bulan  ANIES Jadi Gubernur   ANIES Tolak jadi Cawapres Prabowo  TOLAK YA BUKAN DITOLAK  Emang sakit sih Di Tolak 2 X jadi Cawapres kanya norak pendukung nya ğŸ˜…
"Feb 20, 2024 Â· 10:56 AM UTC",@ZincPitoy,"maaf rakyat indonesia,,, bnsosnya buat kampanye saja,, jadi di tunggu saja putaran ke dua"
"Feb 21, 2024 Â· 12:46 AM UTC",@okkymadasari,"Ngopi pagi ini tiba-tiba ada yg nyeletuk: ""Jadi Oktober nanti di Kantor Komnas HAM & di gedung MK akan dipasang foto Prabowo & Gibran sebagai Presiden & Wakil Presiden?""  Selamat pagi, teman-teman! Semoga selalu sehat & kuat menghadapi kenyataan hidup."
"Feb 22, 2024 Â· 3:34 AM UTC",@p_prasetyooo,"salah satu alasan gak dukung amin. di koalisi diisi orang-orang itu lagi, sedangkan di masyarakat bawah masih ada yang meributkan bacaan qur'an, imam sholat, dll yang masih berbau agama Islam."
"Feb 20, 2024 Â· 4:24 PM UTC",@wahyusetiowib18,"betuul.. saya penghasilan 3hari 20rb,cuma bisa beli beras gak bisa beli lauk pauknya,jadi cuma makan nasi saja pak... ,mau sampai kapan harga beras terus naik,belum lagi lauk pauk yang ikut-ikutan naik"
"Feb 19, 2024 Â· 2:15 PM UTC",@dekade_08,Terima kasih atas ucapannya bapak Perdana Menteri India.  #prabowo #gibran #prabowogibran #indonesiamaju #bersamaindonesiamaju #dekade08 #mendingprabowo #terusmajubersamaprabowo
"Feb 22, 2024 Â· 3:34 AM UTC",@KurniaWan287311,"Trus kl pilih mkn gratis,hrg beras bakal gk mahal? Hrg mahal mngkn sdh wajar kl mau lebaran/puasa..ato bs jg krn bansos dikluarkan buat pemilu..jd gk ada hubungannya dgn pak anis,pak prabowo,pak ganjar..krn penguasa msh jokowowwww"
"Feb 22, 2024 Â· 3:34 AM UTC",@gungsed,Buzzernya prabowo spam timeline mulu anjrit. Mau psyops apa gmn ini?
"Feb 22, 2024 Â· 3:34 AM UTC",@uposishitzu,"Bila Kritik langsung dicap benci, itulah kenapa sebabnya prabowo menang"
"Feb 22, 2024 Â· 3:34 AM UTC",@SutiarsaE318,"Kalau gua hitung partai yang gak dukung prabowo,itu jumlah nya 50% lebih,di mulai dari suara pdi p,pkb,nasdem,pks,ppp,perindro sama partai umat,itu kalau di gabung 50% lebih,tapi aneh nya suara prabowo itu ko bisa 50% lebih"
"Feb 22, 2024 Â· 3:34 AM UTC",@RayhanDama,Udah tau siapa pemenang nya tapi anis seakakan akan pemilu ini ada kecurangan
"Feb 21, 2024 Â· 11:22 PM UTC",@BramantioAb,"Mereka yang jadi pendukung Prabowo sekarang adalah pendukung jkw , soalnya pendukung jkw udah pada pindah ke Prabowo itu  membawa tabiat mereka ketika idolanya terpilih : anti kritik , sok tahu segala bidang , diajak debat atau diskusi malah kabur , dan tentunya mendewakan"
"Feb 22, 2024 Â· 3:34 AM UTC",@hanifraffi32,ntah di taruh dimana pirkiran warasnya..
"Feb 22, 2024 Â· 3:34 AM UTC",@_riskyk,ğŸ«£ğŸ˜‚ğŸ˜‚
"Feb 20, 2024 Â· 8:41 AM UTC",@soke_bob37051,"Ane gak aneh kalo beras mahal dan langka n import jg coz do'i dah gak nepatin janji kampanye 2014, 1 juta ha sawah baru...ya namanya jg janji, mending pelihara kemiskinan spy BS dibeli suaranya ğŸ˜‚"
"Feb 21, 2024 Â· 12:19 PM UTC",@LexWu_13,"Sekiranya pak menteri, kepala BPN @AgusYudhoyono berkenan mengembalikan Hutan ini ke Masyarakat ulayat. Agar kegagalan foodestate pak @prabowo tidak terlalu menyakitan masyarakat. Karena seharusnya urusan Food estate ada menteri pertanian, bukan Menhan.  Mohon sy jgn di kirimkan Mayor Teddy.. untuk dorong2 dan intimidasi di pojokan ğŸ˜­"
"Feb 22, 2024 Â· 3:34 AM UTC",@ronavioleta,"Kalau @jokowi mah diem aja. @prabowo lebih parah, bilang disana itu rebutan tanah dan rakyat gaza lemah ğŸ¤¬  Presiden Brazil menggambarkan serangan Israel di Gaza sebagai genosida, serta menyamakan peristiwa itu dengan tindakan Holokaus oleh pemimpin Nazi Adolf Hitler."
"Feb 21, 2024 Â· 3:40 PM UTC",@tukangarit_,"6 bulan kan lumayan, kalau 1 bulan 1 M, dapat deh 6M. Kan buat latihan, nanti klu Prabowo di nyatakan menang bisa jadi di angkat jadi Menkeu ğŸ˜.   Syirik aja LuhğŸ¤¸"
"Feb 20, 2024 Â· 4:54 AM UTC",@Elsia_CChaidir,"Karier politik GP setelah pilpres ini hanya tersisa sbg kader partai. Ikut Pilgub tidak boleh krn sdh 2x Gub, menjadi caleg DPR hrs tunggu 5 thn lagi; kecuali diangkat menteri oleh Prabowo, but no way lah! Dari somebody menjadi nobody itu mmg perih. Jadi legowo is the best! ğŸ˜‡"
"Feb 20, 2024 Â· 3:22 PM UTC",@H4T14K4LN4L42,Viralkan.....  Ditemukan di lebak banten  Kecurangan tersetruktur sistimatis masiv komesioner @KPU_ID @bawaslu_RI @Bawaslu  Dan petugas KPPS  Memenangkan 02 @prabowo @jokowi
"Feb 21, 2024 Â· 3:04 PM UTC",@Aryprasetyo85,"Noda Satu Putaran....  ""Kekuasaan: Kunci Prabowo Subianto Menang Pemilu Satu Putaran""  Usai sudah Pemilu 2024 yang menegangkan ini. Menurut perhitungan cepat, Prabowo Subianto dan Gibran Rakabuming Raka unggul lebih dari 56 persen. Suara mereka juga unggul di hampir seluruh provinsi. Artinya, pasangan calon presiden dan wakil presiden nomor urut 02 ini menang satu putaran. Kendati masih harus menunggu angka resmi Komisi Pemilihan Umum, hitung cepat biasanya tak jauh berbeda.  Kemenangan Prabowo-Gibran tak lepas dari politik kekuasaan untuk mempengaruhi pemilih. Jokowi memanfaatkan kekuasaannya untuk mengerahkan aparat hukum dan penyelenggara negara demi kepentingan pemenangan pasangan itu. Di Jawa Tengah, seorang wali kota meminta para camat dan lurah mengerahkan dukungan untuk pasangan Prabowo-Gibran. Komisi Pemberantasan Korupsi sebelumnya telah memeriksa anak buahnya dengan tuduhan melakukan korupsi.  Aparat juga menekan pejabat daerah agar memerintahkan kepala desa mengarahkan warganya memenangkan Prabowo-Gibran. Warga yang memilih kandidat nomor urut dua diberi amplop berisi uang. Kepala desa yang membangkang diancam dengan proses hukum atas dugaan korupsi dana desa.   Aparat juga menekan pejabat daerah agar memerintahkan kepala desa mengarahkan warganya memenangkan Prabowo-Gibran. Warga yang memilih kandidat nomor urut dua diberi amplop berisi uang. Kepala desa yang membangkang diancam dengan proses hukum atas dugaan korupsi dana desa.  Ancang-ancang mengerahkan penyelenggara negara diambil sejak pemerintah melantik 20 penjabat gubernur serta 178 penjabat bupati dan wali kota secara bertahap pada akhir 2022 hingga November 2023. Seleksi penjabat kepala daerah itu tidak mempertimbangkan usulan dewan perwakilan rakyat daerah. Lewat penjabat kepala daerah, rezim Jokowi menginstruksikan kepala dinas membantu pemenangan Prabowo-Gibran.  Cawe-cawe penjabat daerah dan intimidasi aparat membuat perolehan suara Ganjar Pranowo-Mahfud Md. gembos di kandang Partai Demokrasi Indonesia Perjuangan. Apalagi Jokowi juga rajin membagikan bantuan sosial di daerah yang menjadi basis suara partai banteng. Pada saat yang sama PDIP terlambat memanaskan mesin partai yang, kebanyakan, lebih sibuk dengan usaha mendapatkan kursi badan legislatif.  Pengaruh kekuasaan dapat berdampak pada hasil pemilu secara signifikan. Intimidasi yang berlangsung secara sistematis meningkatkan peluang terpilihnya calon yang didukung penguasa.  Itu sebabnya sistem pemiluâ€”berisi seperangkat aturan yang menentukan siapa yang dapat menjadi kandidat dan bagaimana proses pemilu dilaksanakanâ€”berperan dalam menyeimbangkan politik kekuasaan. Di Indonesia, sistem pemilu diobrak-abrik untuk kepentingan penguasa. Pada Oktober 2023, Mahkamah Konstitusi mengakali hukum agar Gibran yang belum cukup umur bisa menjadi calon wakil presiden.  Dengan sistem yang didesain sedemikian rupa hanya untuk memenangkan kandidat yang disokong penguasa, Pemilu 2024 adalah pemilu yang paling mirip dengan pemilu Orde Baru yang selalu memenangkan Soeharto. Sementara Soeharto menggunakan jalur ABGâ€”ABRI, birokrasi, dan Golkarâ€”kini Jokowi memakai jalur aparat, birokrasi, dan partai politik.  Masalahnya, Badan Pengawas Pemilu (Bawaslu) tidak pernah serius mengusut kecurangan berjenjang itu. Boleh dipastikan Mahkamah Konstitusi juga akan menolak permohonan perselisihan hasil pemilihan dengan dalih perbedaan suara yang dipersoalkan tidak signifikan.  Dengan aneka tindakan politik kekuasaan untuk merekayasa hasil pemilu itu, sistem pemungutan suara perlu dibongkar. Masyarakat sipil semestinya terus berkonsolidasi untuk mendesak para politikus yang berwenang menyusun kebijakan agar mereformasi desain pemilihan umum. Sebab, kualitas demokrasi tidak semata-mata diukur dari deretan angka pemilih, juga dari prosesnya."
"Feb 20, 2024 Â· 8:38 AM UTC",@LexWu_13,"Pak @jokowi yg baik hati, kmrn byk bansos mendekat pilpres, kini beras mahal pak.. gk ada bansos pak? Kasihan masyarakat bapak. KIM kmrn ksh banyak susu dan makan siang, kok skrg ilang? Padahal beras lg mahal.  Pak @prabowo sekiranya di kala beras lg mahal, bapak berkenan mengajarkan ilmu bapak.. menanam singkong tumbuh jagung polybay. Sekiranya masyarakat jg bs belajar, menanam jagung tumbuh padi dan panen kayu."
"Feb 22, 2024 Â· 3:33 AM UTC",@talrking,"Kalah dekingan bre, nikmir dekingannya THE Prabowo. Ya gimana yaa"
"Feb 22, 2024 Â· 3:33 AM UTC",@kelixmann,Kocheng
"Feb 22, 2024 Â· 3:33 AM UTC",@djathilan,Komplotan sebagai kata pengganti
"Feb 22, 2024 Â· 3:33 AM UTC",@MNurrofiq7,"Gimana gak pesimis, wong dari awal Pak Prabowo ngomong baka import 1,5 juta sapi kok."
"Feb 22, 2024 Â· 3:33 AM UTC",@islixieti,beneran mereka ngomong liat nya di tiktok jadi pilih prabowo
"Feb 21, 2024 Â· 11:26 AM UTC",@dekade_08,Bang Fahri kembali ngasih paham nih guys.  #prabowo #gibran #prabowogibran #debatcapres #rakyat #indonesiamaju #bersamaindonesiamaju #dekade08 #mendingprabowo #terusmajubersamaprabowo
"Feb 20, 2024 Â· 11:20 AM UTC",@Ujikz1987,Penah di Baret merah wak
"Feb 22, 2024 Â· 3:29 AM UTC",@Dyananjani89,Capres2 ke depan Kl orang2 di kelompok ini Masih ada dan mendukung mrk. Makanya KUBURLAH CITA2MU U/ JD PRESIDEN DI NEG INI ğŸ¤£ğŸ˜‚
"Feb 22, 2024 Â· 3:33 AM UTC",@Adzanayasmin,Mgkin may ted sadar pak prabowo sudah sepuh... harus ekstra safety.. kepepet dikit bisa roboh pak prabowo...
"Feb 22, 2024 Â· 3:33 AM UTC",@NoptesaWit29267,Semoga di pemerintahan prabowo sampean tetep masuk di kabinetnya nggih mas.... Sumonggo....
"Feb 21, 2024 Â· 7:43 AM UTC",@Elsia_CChaidir,"Kasih tau Mr. Din Syamsuddin provokator, silakan buktikan di Bawaslu, MK. Tidak usah songong 100 tokoh; 1 rakyat = 1 suara. Kita 58.8% atau 121 juta rakyat sudah memilih Prabowo Gibran! Apa mau diajak gelut? ğŸ‘ŠğŸ˜‚"
"Feb 22, 2024 Â· 3:32 AM UTC",@djathilan,@aniesbaswedan sama @cakimiNOW  malu nggak ya didukung yg modelan gini?   Atau malah bangga?
"Feb 22, 2024 Â· 3:32 AM UTC",@eabprs,Zetsu putih ğŸ—¿ğŸ—¿
"Feb 22, 2024 Â· 3:27 AM UTC",@Penyuka_ombak,"Iya... gue juga udah  eneg liat kelakuan para penjilat darah yg telah diteteskan prabowo thdp aktivis 98. Kalian rela dan sanggup melakukannya demi bisa ngebuzzer yeeekannn. ğŸ˜…ğŸ˜…ğŸ˜…  Jadi emang lebih baik kita ga usah berteman lagi.  Dan ini berlaku bagi semua mutualanku yg lain yg sudah mendukung PENCULIK, silahkan kalian unfoll gue rameÂ².  ğŸ¤ŸğŸ¦ˆ"
"Feb 20, 2024 Â· 12:17 PM UTC",@Mozeya_,"Kolonel (CKM) dr. Gunawan Rusuldi, Sp.OG (K) Onk kelihatan menahan emosi, klo ga bersama barisan Presiden, Mayor Teddy dah ditabok ğŸ¤£"
"Feb 20, 2024 Â· 3:05 AM UTC",@cuitcuap_,"Please teman, janganlah sebar kebohongan kalkulasi CapekDiTPS GakDIHARGAI salah, baiknya cobalah melihat gimana mereka berusaha.  #DiTPSKerjaAmpePagi DiTUDUHdan DIFitnaHCURANG"
"Feb 22, 2024 Â· 3:32 AM UTC",@Jamal88991,"Bacot, kata siapa menang!!, emang sudah ada keputusan resmi??? Jangan jumawa dulu kisana kalem aja proses masih panjang"
"Feb 22, 2024 Â· 3:32 AM UTC",@suroto1985,"Pak Anies itu sebenernya baik. Cuma orang orang di belakang dia aja yang bikin Pak Anies itu jadi keliatan antagonis.  Anies mau nyapres, nyagub, atau bahkan mungkin nyaleg pun, mereka-mereka itu pasti tetap ada di belakang Pak Anies.  Stigma nya gak bakal ilang-ilang."
"Feb 22, 2024 Â· 3:32 AM UTC",@AndyBuhari44212,Emang rakyat mau dikasi makan gratis ? Serius nanya ! Setau saya rencana programnya Prabowo Gibran itu ngasi makan siang dan susu gratis untuk anak2 sekolah aja untuk mencegah stunting .
"Feb 22, 2024 Â· 3:32 AM UTC",@SeparuhAku_Babu,"Gapapalah, setidaknya prabowo bukan orang Mataram"
"Feb 22, 2024 Â· 3:32 AM UTC",@bakso_kanji,Permisiii...numpang lewat...
"Feb 22, 2024 Â· 3:32 AM UTC",@In_drael,Dari Kades Hingga Gubernur: ASN Tak Netral di Pemilu 2024 Erat dengan Politik Uang dan Pemenangan Calon Tertentu  https://www.merdekanews.co/read/27264/Dari-Kades-Hingga-Gubernur-ASN-Tak-Netral-di-Pemilu-2024-Erat-dengan-Politik-Uang-dan-Pemenangan-Calon-Tertentu #ASNTidakNetral #PjGubernur #Kades #KomnasHAM #ASN #PemiluCurang #Pemilu2024 #KPU #Bawaslu #Jokowi #Prabowo #Gibran
"Feb 22, 2024 Â· 3:32 AM UTC",@Proflematik,Iya bener jadi tau siapa yang penghianat sebenarnya dan kecurangan nya di wariskan
"Feb 19, 2024 Â· 10:53 AM UTC",@CCwithSybil,"400M? @CherylTanzil kok didengerin, dia juga bilang menurut Munir Prabowo tdk bersalah kasus HAM. Yg ada itu Anies dan Sandy sesuai presentase kekayaan masing2. Anies 400Jt dan Sandy 34,1 M. Karena mereka maju bareng2. Gerindra nyumbang 750jt *krn Sandy calon Gerindra bukan Anies"
"Feb 22, 2024 Â· 3:32 AM UTC",@arjuna_nande,"Inilah sejarah kasus korupsi hambalang era pak @SBYudhoyono karena masih terbilang mangkrak d'thn 2007 silam ini, kayaknya @prabowo akn niru jg sbg bangunan yg mangkrak! Coba alasan apakah bangunan tersebut itu akn d'lanjutkan atau Tidak sama sekali."
"Feb 22, 2024 Â· 3:32 AM UTC",@beniyanto1102,"Prabowo sang PENIPU....Kena omongannya sendiri Beginilah orang yang curang, akan ditampakkan kecurangannya oleh Allah.... Allahu Akbar https://www.facebook.com/share/r/Bs62UHYsosd9cBVm/?mibextid=0VwfS7"
"Feb 22, 2024 Â· 3:32 AM UTC",@rasa_cokelatt,"kalo pendukung anies masih adopsi cara yg lama, sampai kapan pun anies gak bakal pernah menang"
"Feb 22, 2024 Â· 3:31 AM UTC",@KAELo21s,Congratss pak
"Feb 22, 2024 Â· 1:32 AM UTC",@proclaro_lover,Salam bahagia sahabat 02 di manapun anda berada ğŸ™‹â€â™€ï¸ğŸ˜ğŸ™‹â€â™‚ï¸   Semangat beraktivitas ğŸ’ªğŸ”¥  Dan jaga kesehatan ğŸ™ğŸ˜‡   Ayoo tetap kawal pasangan  Prabowo-Gibran sampai ke saat pelantikan RI 1 & RI 2 âœŒï¸ğŸ‡®ğŸ‡©ğŸ«°   #MenujuIndonesiaEmas ğŸ‡®ğŸ‡©ğŸ™ğŸ‡®ğŸ‡©
"Feb 22, 2024 Â· 3:31 AM UTC",@putri_syahlia2,ğ•ğ•˜ ğ••ğ•–ğ•ğ•  ğ•”ğ•ğ•’ ğ•¤ğ•–ğ•˜ğ•–ğ•ğ•šğ•Ÿğ•¥ğ•šğ•£ ğ• ğ•£ğ•˜... â„• ğ•¥ğ••ğ•œ  ğ•ğ•–ğ•¨ğ•’ğ•œğ•šğ•ğ•š ğ•ğ•’ğ•¤ğ•ªğ•’ğ•£ğ•’ğ•œğ•’ğ•¥ ğ•šğ•Ÿğ••ğ• ğ•Ÿğ•–ğ•¤ğ•šğ•’ ğ•ªğ•˜ ğ•”ğ•šğ•Ÿğ•¥ğ•’ ğ••ğ•’ğ•ğ•’ğ•š..
"Feb 22, 2024 Â· 3:31 AM UTC",@XueYaman,"Sebentar lg mrk jg akan dpt "" bagian"" lihat saja nanti, kemarin mrk disuruh ""tiarap"" semua alasan demi persatuan... Hahahaa"
"Feb 22, 2024 Â· 3:31 AM UTC",@ganjarutkri,Gibran pasti ga bakal ngapa2in deh Dan pasti akan ada konflik besar menanti antara Jokowi dan Prabowo  Yg pasti ga mau terlibat ah dukung Jokowi atau Prabowo kalau ada konflik
"Feb 22, 2024 Â· 3:31 AM UTC",@dul_kangidul,Terkutuk..
"Feb 22, 2024 Â· 3:31 AM UTC",@Mastrip10,Nanti kalau sidang kabinet duduknya dekat moeldoko mas?
"Feb 22, 2024 Â· 3:31 AM UTC",@Dasamuka513,Para petinggi Hti dan pecinta bokep kek gw ğŸ¤£ğŸ¤£ğŸ¤£
"Feb 22, 2024 Â· 3:31 AM UTC",@echoPiR,"2019 dia udah nyoblos ngga sih ğŸ˜ malah Prabowo itu melawan Jokowi lebih keras. terang2an menolak hasil pemilu dari awal. di awal juga udah sujud syukur duluan,klaim menang.  perkataan ""Dia maunya dia yang menang"" paling pas di alamatkan ke prabowo sejak 2004 ikut pilpres ğŸ¤£"
"Feb 22, 2024 Â· 3:30 AM UTC",@islixieti,"lo pada tau gak ini di kls dosen nanyain kita milih siapa waktu pemilu kemarin, trs kan kebanyakan milih prabowo dan lo pada tau alasannya apa gk sih karena fomo dan lucu katanyaa like cuyy tiktok kok dijadikan patokan"
"Feb 22, 2024 Â· 3:30 AM UTC",@BuchroniK,"Padahal Demokrat itu bebas masalah kan?.. yang lain berhitung dan berhati-hati sebab jika kalah di 2024, meleset masuk penjara. ( Menkominfo Budi Arie). Dan tidak ada yang menekan Demokrat kan? Semua ditekan habis-habisan untuk dukung Prabowo ( Mahpud MD)"
"Feb 20, 2024 Â· 12:48 PM UTC",@sosmedkeras,Kayak enteng banget diangkat Pak Prabowo ğŸ«¡ğŸ«¡.  Lateral raise adalah gerakan latihan yang dirancang untuk melatih otot deltoid atau otot bahu samping.  [ğŸ“¸tt/ErickThohir]
"Feb 22, 2024 Â· 3:30 AM UTC",@matanya_bintang,Group Si Komo
"Feb 22, 2024 Â· 3:30 AM UTC",@nic04722,"Sekedar cucoklogi... Sebenarnya Prabowo itu dari laluÂ² udah jadi presiden, cuma karena identik dengan sebutan koslap dia ngalah utk jadi presiden ke 08 ğŸ¤­ğŸ¤­ğŸ¤­"
"Feb 22, 2024 Â· 3:30 AM UTC",@rahadi_tony,SAYA SIAP BAKAR KPU DAN ISTANA
"Feb 22, 2024 Â· 3:30 AM UTC",@gieznugraha,"Betul tum, giliran disuruh buktikan sesuai UU malah ngeles sana sini.  Maunya cuma lempar isu terus dipublik."
"Feb 22, 2024 Â· 3:30 AM UTC",@AlfianLombok,"""Be kind whenever possible "" ya Mbak... tolong dijaga jari dan mulutnya"
"Feb 20, 2024 Â· 11:05 AM UTC",@Fayalet,"Makan gratis, mana makan gratisnya pak penculik @prabowo"
"Feb 22, 2024 Â· 3:30 AM UTC",@HasaniHasanudin,"Twiter IG benderax unggu google bendera merah putih,gue mau tanyak sama TNI,polri, KPK, mau pilih jalan terang Indonesia maju,,pilih jalan sesat berpolitik, anis cak imin prabowo, gibran,ganjar,mereka palsu,dalam bahasa kasar boneka IMFğŸ¤£ğŸ˜‚ğŸ˜…ğŸ˜ƒğŸ˜†ğŸ˜„anda boneka apa manusiağŸ˜‚ğŸ¤£ğŸ˜…ğŸ˜…"
"Feb 22, 2024 Â· 1:46 AM UTC",@PartaiSocmed,Hallo @mardigu024 dimana letak fitnahnya? Dan yg menyampaikan fakta tentang dirimu itu pendukung 01 dan 03 atau kami yg mendukung 02?  Tidak malu mendadak ngaku2 mendukung 02 padahal selama kampanye nyerang Prabowo-Gibran terus?
"Feb 12, 2024 Â· 4:29 AM UTC",@bumnbersatu,Mudah2an kali ini kepilih @prabowo  ya.. Mba Inayah .. Doakan dong
"Feb 22, 2024 Â· 3:30 AM UTC",@finindonesia,"Bocoran Nama-Nama Kabinet Prabowo-Gibran Tersebar, TKN Pastikan Hoaks: Itu Hanya Prediksi  https://fin.co.id/read/170508/bocoran-nama-nama-kabinet-prabowo-gibran-tersebar-tkn-pastikan-hoaks-itu-hanya-prediksi"
"Feb 22, 2024 Â· 3:30 AM UTC",@lelakimusaja,Pemenang sejatinya adalah @PDemokrat dan @AgusYudhoyono nya Ketika dia disepelekan oleh Anies dan Nasdem dgn tegas dia keluar dan menentukan sikap untuk melawan dan bergabung dgn Prabowo Pilihan cerdas dan membuang ego pernah berseberangan dgn Jokowi. Selamat @PDemokrat  dan AHY
"Feb 22, 2024 Â· 3:17 AM UTC",@PartaiSocmed,Banyak yg tidak tahu Dito ini punya peran besar dibalik layar bagi pemenangan Prabowo-Gibran   https://news.detik.com/berita/d-7205665/dito-ariotedjo-temui-menpora-rusia-di-kazan-titip-surat-prabowo-untuk-putin
"Feb 22, 2024 Â· 3:30 AM UTC",@bogdanSuck,Gmn caranya memobilisasi pemilih untuk milih Prabowo? Ada ada aja ekwkwk
"Feb 22, 2024 Â· 3:29 AM UTC",@AbdullahArifly,"Adem ayem pak,. Krn ada pak Prabowo.. aman itu,.. bapak gak usah banyak menghayal atau banyak membayang2 kan yg blm tentu terjadi.. yang harus nya bapak bayangkan capres bapak kalah ini gimana?? AA ADUH AA.."
"Feb 22, 2024 Â· 3:28 AM UTC",@PartaiSocmed,Group echo chamber
"Feb 22, 2024 Â· 3:29 AM UTC",@HotelBrongto,Pekerjaan itu termasuk privasi dul
"Feb 21, 2024 Â· 4:26 AM UTC",@Ryan_Fighter7,"Setelah dipeluk, dicium, & dipuji-puji,  Mas AHY justru dihianati oleh Anies Baswedan 4 bln yg lalu. Kini Mas AHY di rangkul oleh pak Jokowi, untuk memisahkan gandum dari lalang. 1 hal menarik untuk selalu diingat, pak Prabowo pernah berhasil mendaur ulang Sampah jdi Gubernur. ğŸ˜"
"Feb 22, 2024 Â· 3:27 AM UTC",@NyaiiBubu,"Pak Prabowo dapat congrats dari Sheikh Mohammed bin Zayed Al Nahyan dari Uni Emirat Arab lewat telepon kemaren.  Panggil Pak Prabs aja My Brother hehehe.  Kaum 17 % dan 24 % pasti gak mau lihat, makanya belajar attitude jangan kemlinthi. ğŸ¥°"
"Feb 22, 2024 Â· 3:29 AM UTC",@rizkiaan25,"Gw masih yakin prabowo menang, walau gw dukung anis. Tapi bisa bisanya bilang sejarah demokrasi tapi nuduh anis pemecah belah itu dasarnya apa? Apakah dia beneran tau sejarah kebelakang? Pen gw toyor kepalanya sambil teriak ""dek belajar lagi ya"""
"Feb 22, 2024 Â· 3:29 AM UTC",@RoediAlam,Ini mayor Teddy kalau pak Prabowo jadi presiden apakah pangkatnya langsung naik jadi kolonel ?
"Feb 22, 2024 Â· 3:29 AM UTC",@JunizarT,"Apakah setelah Prabowo dilantik jadi presiden, kelompok ini masih terus menuntut Pak Jokowi?"
"Feb 22, 2024 Â· 3:29 AM UTC",@geloraco,Prabowo Bakal Disetir Jokowi? Dasco: Tak Akan Ada Matahari Kembar https://www.gelora.co/2024/02/prabowo-bakal-disetir-jokowi-dasco-tak.html
"Feb 22, 2024 Â· 12:22 AM UTC",@Ndons_Back,"Prabowo Terima Ucapan Selamat dari PresidenÂ Uni Emirat ArabÂ Mohamed Bin Zayed atauÂ MBZ via Telepon, Disapa dengan Panggilan â€˜My Brotherâ€™ https://www.viva.co.id/berita/politik/1689710-prabowo-terima-ucapan-selamat-dari-mbz-via-telepon-disapa-dengan-panggilan-lsquo-my-brother-rsquo"
"Feb 22, 2024 Â· 3:29 AM UTC",@SriWahy76208951,"Semoga di kabinet pak Prabowo nti mas AHY jadi Menhan,,, meneruskan tugas pendahulunya proyek food estate ğŸ˜"
"Feb 20, 2024 Â· 3:21 PM UTC",@yaniarsim,"Mayor Teddy ajudan @prabowo menegur Kolonel Dr Gunawan Rusuldi yg sedang menjelaskan ttg RSPPN Pang Soedirman & 25 RS milik TNI di Bintaro, Senin 19/2/2024.  Mayor tegur Kolonel ğŸ¤­ Orang"" dilingkaran paslon 02 memang gak punya etika."
"Feb 22, 2024 Â· 3:29 AM UTC",@amir_coll,Mengapa mereka pindah dukungan cak med.
"Feb 20, 2024 Â· 7:43 AM UTC",@IFnubia,"Saatnya kembali menggiling gabah demi mengamankan persediaan beras.  Stok gabah kami masih banyak. Masih cukup hingga 70 tahun mendatang tanpa perlu membeli dengan harga fluktuatif, antri seperti PD I, atau impor dari negara lain.  Kualitas berasnya selalu super premium."
"Feb 22, 2024 Â· 3:28 AM UTC",@Lampung__01,Real Jokowi effect
"Feb 22, 2024 Â· 3:28 AM UTC",@AngelaKris_,Baca ini buat pendukung  01 n 03.  Media asing aja udah menyatakan kemenangan gemilang Prabowo.  Suara gabungan 01 n 03 aja msh kalah dng suara 02.  Kok masih teriak curang.  Kalian sehat ?  https://www.cnbcindonesia.com/news/20240222083257-4-516609/media-asing-sorot-anies-ganjar-bersatu-lawan-hasil-pilpres-sebut-ini
"Feb 22, 2024 Â· 3:28 AM UTC",@yoedidharma,"Salah besar.  Prabowo Gibran Gak hanya menang di RSJ.  Di desa menang, di kota menang, di semua tempat menang ğŸ†ğŸ’ª"
"Feb 22, 2024 Â· 3:28 AM UTC",@mohdruaizatsupa,DUKUNG PEMEKARAN WILAYAH PAPUA TAG: Jepang #DinarCandy Pisang Semalem kpu bawaslu anies jokowi prabowo ganjar hak angket
"Feb 21, 2024 Â· 4:12 PM UTC",@geloraco,"Prabowo Dapat Ucapan Selamat dari Para Pemimpin Dunia, Din Syamsuddin: Jangan Geer Dulu https://www.gelora.co/2024/02/prabowo-dapat-ucapan-selamat-dari-para.html"
"Feb 21, 2024 Â· 9:01 PM UTC",@muhammaroke,*Carut marut pemilu 2024 kabupaten wonosobo data C1 dari satu TPS suara paslon 02 Prabowo-Gibran 500.342.* *_Penggelembungan terlalu OVER karena KPPS di tangkap oleh BAWASLU diduga kuat di sogok /terima uang sogokan sampai Ratusan juta Rupiah. Hancur Demokrasi indonesia.* *#TOLAK
"Feb 20, 2024 Â· 12:45 PM UTC",@HistoriDunia2,Genie Wiley dikurung di ruangan gelap sejak dia lahir hingga usia 13 tahun oleh ayahnya yang kejam. Dia diikat di kursi BAB bayi dan tempat tidur bayi karena ayahnya membenci suara tangis anak-anak. Genie ditemukan pada tahun 1970 dalam keadaan kekurangan gizi dan bisu.
"Feb 22, 2024 Â· 3:28 AM UTC",@djamanBOREK,Gerombolan ? Gak ada kata yg lain lagi kah ? ğŸ˜¬
"Feb 22, 2024 Â· 3:28 AM UTC",@BloombergTZ,"Real Count KPU 74,47%: Suara Prabowo-Gibran Nyaris Tembus 59% dlvr.it/T34kjL"
"Feb 22, 2024 Â· 3:28 AM UTC",@chidory_,Udah berat bawa beban ditambahin cak duren juga tum ğŸ¤ª
"Feb 22, 2024 Â· 3:28 AM UTC",@nhsptri25,Baik banget pak prabowo
"Feb 22, 2024 Â· 12:11 AM UTC",@Kemhan_RI,"Momen Menteri Pertahanan Prabowo Subianto @prabowo menghadiri pelantikan Menko Polhukam Hadi Tjahjanto serta Menteri ATR/Kepala BPN Agus Harimurti Yudhoyono (AHY), oleh Presiden RI Joko Widodo @jokowi, di Istana Negara, Jakarta, Rabu (21/2)."
"Feb 22, 2024 Â· 3:28 AM UTC",@nawfal_dzakwan,"Mungkin sudah, tp judulnya"
"Feb 22, 2024 Â· 3:19 AM UTC",@Mulalt_,"Hasil Presiden Jokowi menjadikan Penjahat HAM sebagai Presiden, seblumnya eksekutor untuk sukseskan program food Estate.  Ini dimaksud @prabowo Makan siang Gratis, ?  https://www.tribunnews.com/bisnis/2024/02/19/papua-selatan-akan-disulap-jadi-food-estate-tebu-dan-bioetanol#google_vignette"
"Feb 21, 2024 Â· 9:32 AM UTC",@MerrMagda,"Yakin mau diulang di seluruh Indonesia? Ngga tega jadinyağŸ˜‚  Coblos Ulang 1 TPS di Sampang, Prabowo-Gibran Menang Telak https://www.detik.com/jatim/berita/d-7199692/coblos-ulang-1-tps-di-sampang-prabowo-gibran-menang-telak"
"Feb 22, 2024 Â· 3:28 AM UTC",@dutagear5,"Mamarika lebih condong ke anies karena dia tidak terikat partai, dan juga bukan org asli indonesia.  Moso gak sadar tanda2nya bro.. intinya jika prabowo atau ganjar presiden PKS tetap jadi oposisi.."
"Feb 22, 2024 Â· 3:28 AM UTC",@mohdruaizatsupa,BEASISWA MAHASISWA PAPUA TAG: Jepang #DinarCandy Pisang Semalem kpu bawaslu anies jokowi prabowo ganjar hak angket
"Feb 22, 2024 Â· 3:27 AM UTC",@gieznugraha,Dan orangnya itu2 aja Tum.
"Feb 21, 2024 Â· 2:30 PM UTC",@BennyWenda,"As President of the ULMWP, I am calling for new Indonesian President Prabowo Subianto to be arrested if he ever leaves Indonesia.   https://www.ulmwp.org/ulmwp-president-benny-wenda-calls-for-international-arrest-warrant-on-prabowo-subianto @MaclellanNic @MsgSecretariat @ForumSEC @slrabuka @jamesmarapepng @ManassehSogava1 @RRegenvanu @DavidRobie @ @RNZPacific"
"Feb 22, 2024 Â· 3:27 AM UTC",@Emmanue74998512,"Amin 20, Prabowo Gibran 148, GanjarMahfud 55, TPS 67 Kelurahan Oesapa Kota Kupang NTT dihadiri oleh Panwas dan Saksi dari PDIP, PKS, Golkar, PAN, Gerindra, Garuda, PKB dan saksi dari tim GanjarMahfud"
"Feb 18, 2024 Â· 2:48 PM UTC",@narendramodi,Congratulations to the people of Indonesia on the successful Presidential elections and @prabowo on the lead. Look forward to working with the new Presidency to further strengthen Comprehensive Strategic Partnership  between India and Indonesia.
"Feb 22, 2024 Â· 3:27 AM UTC",@bangsamsul_,2014 - 2019 Prabowo Capres nya PKS
"Feb 22, 2024 Â· 3:27 AM UTC",@mohdruaizatsupa,KSTP TERUS MENEBAR ANCAMAN DAN TEROR TAG: Jepang #DinarCandy Pisang Semalem kpu bawaslu anies jokowi prabowo ganjar hak angket
"Feb 22, 2024 Â· 3:27 AM UTC",@6363n,"woi LO NYINGGUNG PRABOWO APA, kimak lo"
"Feb 22, 2024 Â· 3:27 AM UTC",@titik_cahaya12,"kenapa saya mesti move on? saya selalu konsisten di posisi saya, justru jokowi yang moving out, dukung si pecundang  2014 dan 2019 saya tolak prabowo, masak di 2024 saya pilih prabowo??  paham kan lu??"
"Feb 22, 2024 Â· 3:27 AM UTC",@Ery416296734,saatnya Indonesia malu & dipermalukan para pemimpin pejabat perusak demokrasi
"Feb 21, 2024 Â· 3:29 PM UTC",@bagusrangin77,Post power sindrom... Dibuang sama jokowi  Ditampung sama prabowo.. ğŸ¤£ğŸ¤£ğŸ¤£ğŸ¤£.  Apa dia akan tetap jadi ajudan prabowo ketika sudah jadi presiden?....kayanya dibuang lagi diganti sama pilihan team paspampres ..ğŸ¤£ğŸ¤£  Jadi orang jgn sombong dan arogant ...NORAK dan MEMALUKAN jadinya
"Feb 22, 2024 Â· 3:27 AM UTC",@edunewsid,"Jalankan Program Makan Siang dan Susu Gratis, Prabowo-Gibran Bakal Bentuk Kementerian Baru: JAKARTA, EDUNEWS.ID-Pasangan Prabowo Subianto-Gibran Rakabuming Raka berencana membentuk kementerian koordinator (kemenko) baru untuk menjalankan program makanâ€¦ dlvr.it/T34kcr"
"Feb 22, 2024 Â· 3:27 AM UTC",@adityid,Ooooo jadi ini paham paham
"Feb 21, 2024 Â· 2:35 PM UTC",@AlmaghribiS,Prabowo kalah dibilang capres Abadi... Giliran saat Prabowo menang dibilang curang..  Ampere meter kalian kayaknya perlu disetel ulang ğŸ˜
"Feb 22, 2024 Â· 3:27 AM UTC",@mohdruaizatsupa,PEMILU BERJALAN DAMAI TANPA GANGGUAN KSTP TAG: Jepang #DinarCandy Pisang Semalem kpu bawaslu anies jokowi prabowo ganjar hak angket
"Feb 22, 2024 Â· 3:26 AM UTC",@rioerl,"Bang, kemarin AHY kritik keras jokowi & foodestate prabowo. Giliran di tawari menteri kok tunduk tuh kepala??? Apa ideologi Partai klo ketum dpt jabatan maka halal jilat ludah sendiri? Hey, Demokrat masih diluar pemerintahan Demokrat kn koalisi di gerindra, bukan pemerintahan ini"
"Feb 22, 2024 Â· 3:26 AM UTC",@sunsungjn,"kalian yang claim kalau hasil quick count tuh curang dan tdk jurdil, tp malah menyalahkan Paslon 02 atas naiknya beras dan sembako lainnya tuh waras ga sih? kan pak Prabowo - Gibran blm dilantik tp kok dah koar-koar? pesimis apa emang butuh bahan buat badmouthing org? ğŸ’"
"Feb 22, 2024 Â· 1:23 AM UTC",@RPKIndonesia,"Fantastis, temuan indikasi penggelembungan suara paslon 02 Prabowo Gibran mencapai lebih dari 599 ribu suara, merata 26 kabupaten/kota di Jawa Tengah. @DPP_PKB"
"Feb 22, 2024 Â· 3:20 AM UTC",@Penyuka_ombak,"Iya... gue juga udah ga eneg liat kelakuan para penjilat darah yg telah diteteskan prabowo thdp aktivis 98. Kalian rela dan sanggup melakukannya demi bisa ngebuzzer yeeekannn. ğŸ˜…ğŸ˜…ğŸ˜…  Jadi emang lebih baik kita ga usah berteman lagi.  Dan ini berlaku bagi semua mutualanku yg lain yg sudah mendukung PENCULIK, silahkan kalian unfoll gue rameÂ².  ğŸ¤ŸğŸ¦ˆ"
"Feb 22, 2024 Â· 12:48 AM UTC",@Kemhan_RI,"Momen Menteri Pertahanan Prabowo Subianto @prabowo, menerima kunjungan kerja Duta Besar Turki untuk Indonesia, H.E. Mr. Talip Kucukcan di Kemhan, Jakarta, Rabu (21/2)."
"Feb 21, 2024 Â· 4:00 PM UTC",@satrio_aji_,Anda Profesor Pak @JimlyAs ..hormati hak warga negara..untuk menyalurkan aspirasinya. Mungkin anda merasa gak bakal sukses hak angket. Sebab anda di pusaran Prabowo atau pendukung Prabowo. di MK kabarnya Anwar Usman mau jadi ketua MK lagi
"Feb 22, 2024 Â· 3:26 AM UTC",@ronggo_Reborn,ya tetap ditangan jokowi lah. prabowo gak akan mampu melawan kemauan jokowi
"Feb 22, 2024 Â· 3:26 AM UTC",@TitikHa50231063,Sekalian aja kau bikin Prabowo 100% dul. Biar bisa tidur nyenyak.
"Feb 22, 2024 Â· 2:10 AM UTC",@Royan_02,Mengingat Kata-kata Presiden Republik Indonesia ke 4 Bahwa Pak Prabowo itu Orang yang paling ikhlas Untuk Rakyat Indonesia.  Salam Hormat untukmu Pak @prabowo #DiTpsKalahKokMarah FaktaDITPS HasilNyataKPU  #UdahNyataHasilTPSnya MasihAJA GakMAUTERIMA
"Feb 22, 2024 Â· 3:26 AM UTC",@6363n,"apkah anda ykn stelah Prabowo (andaikata) jadi presiden AHY akan jadi menteri?? andakan org politik, pasti phm yg namanya politik itu dinamis. hari ini dpt Remahan Rengginang, lah seterusnya diLepehin sama kek kemaren 9 thn ngak jadi apa2 gmn?  #menterimagang #remahanrengginang"
"Feb 22, 2024 Â· 3:26 AM UTC",@dutagear5,"Ingat. Ada pertemuan menlu mamarika dgn ketua pks, kenapa bukan sebagai tamu negara?  Terus kenapa ke anies? Bukan ke ganjar ataupun prabowo?   Karena prabowo ketua partai dan nasionalisme tinggi, dan ganjar karena dalam partai yg masih berkuasa di era jokowi."
"Feb 22, 2024 Â· 3:26 AM UTC",@AsaboPrabowo,mengejar hari
"Feb 19, 2024 Â· 2:23 PM UTC",@H4T14K4LN4L42,Rakyat mayoritas mengharapkan @jokowi mundur dan diskwalifikasi 02 @prabowo
"Feb 22, 2024 Â· 3:26 AM UTC",@minervanuevo,"Masih keinget sampe sekarang, auranya beliau pak Prabowo kuat banget. Jadi mimpinya waktu itu dia kunjungan ke suatu rumah gitu buat kampanye aku ada di dalamnya, yaudah aku cuma ngumpet ngeliatin aja.."
"Feb 22, 2024 Â· 3:26 AM UTC",@irvineadvent27,"Bukan Jakarta sih titik perang utamanya tp Jawa Timur. Jumlah DPT di Jawa Timur jg terbesar kedua se indonesia di bawah Jawa Barat  2004 - 2024 yg unggul di Jawa Timur selalu menjadi pemenang pilpres. Dari SBY, Jokowi hingga terbaru Prabowo"
"Feb 22, 2024 Â· 3:25 AM UTC",@Petruk_Penipu,Wowok penculik aja dibanggain
"Feb 22, 2024 Â· 3:25 AM UTC",@PRAPAG_KIDUL,"Pemilu ulang aja.   02 (Prabowo Gibran) vs 04 (Anies, Imin, Ganjar, Mahfud)   Biar imbang ğŸ˜„.   Gas..."
"Feb 22, 2024 Â· 3:25 AM UTC",@BSbukit,pak @prabowo anda penghianat kata @ajengcute16__
"Feb 22, 2024 Â· 3:25 AM UTC",@myungjaelated,besok tiba tiba prabowo ga kaget
"Feb 21, 2024 Â· 4:07 AM UTC",@dekade_08,Mas Anies omon-omon terus sih. Omon-omonnya juga makin ke sini makin ga substantif. Dikasih senyum nih sama Abang Sekjen Ahmad Muzani.  #prabowo #gibran #prabowogibran #aniesbaswedan #ordebaru #ahmadmuzani #kasihsenyum #senyuman #indonesiamaju #bersamaindonesiamaju #dekade08 #mendingprabowo #terusmajubersamaprabowo
"Feb 21, 2024 Â· 7:13 AM UTC",@dekade_08,"Kenapa pimpinan negara asing mengucapkan selamat kepada Prabowo-Gibran? Jawabannya adalah karena secara matematis, mereka juga yakin Prabowo-Gibran sudah menang dalam sekali putaran.  #prabowo #gibran #prabowogibran #rahayusaraswati #negaraasing #indonesiamaju #bersamaindonesiamaju #dekade08 #mendingprabowo #terusmajubersamaprabowo"
"Feb 22, 2024 Â· 3:25 AM UTC",@sha_gita8,"Apapun makannya minumnya pasti ludah sendiri, mukanya tembok beton, ga punya malu ğŸ˜‚ğŸ˜‚ğŸ˜‚"
"Feb 22, 2024 Â· 3:25 AM UTC",@h2l_62,"Anies, perubahan. Prabowo berkelanjutan. Intinya, lo memang sedang tidak dalam posisi mau nerima gagasan Anies. Tuh gue dah sebutin beberapa gagasan besarnya, bahkan 100 hari kerjanya. Lo ada masalah gak gagasan 100 Hari kerja Anies?"
"Feb 22, 2024 Â· 3:25 AM UTC",@AMarsudi79397,PRABOWO PRESIDENNNNNNN.......
"Feb 21, 2024 Â· 12:01 PM UTC",@Kemhan_RI,"Menteri Pertahanan Prabowo Subianto @prabowo, menerima kunjungan kerja Duta Besar Turki untuk Indonesia @TC_CakartaBE , H.E. Mr. Talip Kucukcan di Kemhan, Jakarta, Rabu (21/2)."
"Feb 21, 2024 Â· 8:27 AM UTC",@aven_januar,Yang Milih Rakyat Yang Menang Prabowo Yang Disalahin KPU Yang Didemo Jokowi  Ente Waras?
"Feb 19, 2024 Â· 12:13 PM UTC",@bergulingan,"Fun Fact :  Seandainya Lo nabung Rp3,5 juta SETIAP HARI sejak Nabi Muhammad lahir sampai hari ini,  Maka kekayaan lu masih belum setara sama kekayaan nya Prabowo Subianto"
"Feb 22, 2024 Â· 3:24 AM UTC",@petugaspar66841,"Tapi, kami melihat yang masih berpikir waras Melihat yang berkumpul disana barang sandera an pak lurah semua ğŸ˜„ğŸ˜„"
"Feb 22, 2024 Â· 3:24 AM UTC",@Petruk_Penipu,Sensi dia disebut profesi nya padahal gue gk ngehina ğŸ˜…
"Feb 22, 2024 Â· 3:24 AM UTC",@AbdulRahma46550,Hahah km lu berkont
"Feb 22, 2024 Â· 3:24 AM UTC",@faaaaacccxxx,"Emang konyol Yg di salahin anis padahal anis bukan gubernur jabar , Lagian itu daerah basis Prabowo ko bisa bisanya jadi disangkutin ke anis."
"Feb 22, 2024 Â· 3:24 AM UTC",@Az93Channel,"Yang demo orang nya itu itu aja, mana bisa lengser. Siapa pun yang menang tetap aja saya mh kuli, nyari duit sendiri"
"Feb 22, 2024 Â· 3:24 AM UTC",@Mada_B,Fakta ganjar kalah adalah bukti power Jokowi
"Feb 22, 2024 Â· 3:24 AM UTC",@HuseinRust3141,All in Prabowo âœŒğŸ”¥
"Feb 22, 2024 Â· 3:24 AM UTC",@Ergum5,"Kami hanya percaya pd prabowo gibran, beda sama mbaknya"
"Feb 22, 2024 Â· 3:24 AM UTC",@dutagear5,Karena PKS menganut ideologi mamarika bos.. mereka bertentangan dgn kebijakan jokowi.. liat aja tu di tangan pakde freeport udah punya kita 50% makanya jika prabowo jadi presiden bukan tidak mungkin kita bisa menguasai 80% saham freeport.
"Feb 22, 2024 Â· 3:24 AM UTC",@RafifNaufalB,"Waduh, isinya mirip sama fakta sekarang, sayang nya SBY malah ikutan ke partai yang di cawe cawe tersebut, dan AHY dapat hadiah menteri padahal oposisi 9 tahun, harunya kalau mau koalisi dari awal 2014 atau 2019 kayak Prabowo biar gak aneh"
"Feb 22, 2024 Â· 3:24 AM UTC",@Dyananjani89,Tanpa mengurangi rasa hormat kpda Pak Prabowo  Para TKI Ilegal itu kl mau pulang  Sbnrnya relatif mudah. Mrk tinggal dtg ke KBRI  Trs org KBRI akan mengarahkan DIJAMIN TIDAK MUNGKIN KBRI MENELANTARKAN / MENYENGSARAKAN WNI. Kecuali WNI itu sndr yg berulah.  ğŸ˜
"Feb 21, 2024 Â· 2:36 PM UTC",@Ipaahu,"Alhamdulillah Ya Robaal alamain, Bapak Prabowo Subianto di telfon oleh Sheikh Mohammed bin Zayed bin Sultan Al Nahyan, Presiden Uni Emirat Arab (UEA) beliau memberikan selamat atas terpilihnya bapak Prabowo Subianto sebagai Presiden indonesia,   Syukron ğŸ˜"
"Feb 21, 2024 Â· 1:34 PM UTC",@Ndons_Back,"Ketika Bertemu dengan AHY, Ini yang Pertama Kali Pak Prabowo Tanyakan kepada AHY."
"Feb 22, 2024 Â· 3:23 AM UTC",@KangNan48838271,"Kayaknya admin bull winner lebih cocok jd jubir Prabowo, drpd Ngabalin jd jubir Jokowi ğŸ™‚"
"Feb 22, 2024 Â· 3:23 AM UTC",@adaapa77744049,"Emang Demokrat merapat kekabinet siapa? Presiden terpilihnya saja blm rampung masalah dan pelantikan itu bln okt'24 yg menentukan menteri itu Prabowo bukan jokowi, setelah okt emang PD masih hormat sama org yg sdh mantan"
"Feb 21, 2024 Â· 6:40 AM UTC",@ZiziShark,"Fun factnya, beliau termasuk salah satu pendiri Universitas Pertahanan yg khusus untuk S2 dan S3. Baru sejak Prabowo, ada S1 di Unhan."
"Feb 21, 2024 Â· 4:01 PM UTC",@saotome013,éŒ å‰ã‚µã‚ªãƒªã¯ã‚³ã‚¹ãƒ¡ç³»ã®è´ˆã‚Šç‰©ãŒå¥½ãã§çµ¶å¯¾ãƒ•ã‚¡ãƒƒã‚·ãƒ§ãƒ³ã«èˆˆå‘³ãŒã‚ã£ãŸã‚ã‘ã§ã€ä»Šå›ã®ãƒ‰ãƒ¬ã‚¹ã‚‚è‡ªåˆ†ã®å¥½ã¿ã§é¸ã‚“ã ã‚Šã—ã¦ä»•äº‹ãªãŒã‚‰ã‚‚æ¥½ã—ã„ã¨æ€ã†ç¬é–“ãŒã‚ã£ãŸã‚“ã ã‚ã†ãªã¨æ€ã†ã¨æ¶™å‡ºã‚‹
"Feb 22, 2024 Â· 3:23 AM UTC",@YAPSKH72,"Hitung Suara Pemilu Presiden Dan Wakil Presiden 2024  Ho Chi Minh City Vietnam  Anies Rasyid Baswedan - Abdul Muhaimin Iskandar : 56 (20,97%)  Prabowo Subianto - Gibran Rakabuming Raka : 97 (36,33%)  Ganjar Pranowo - Mahfud Md : 114 (42,70%)  Progress : 100%  @KPU_ID"
"Feb 22, 2024 Â· 3:23 AM UTC",@iamfinee_d,"dan pendukungnya bilang ""semua capres ingin jadikan Gibran sebagai cawapres, tapi Gibran tau mana yang terbaik makanya milih Prabowo"""
"Feb 22, 2024 Â· 3:23 AM UTC",@Lutfiazizi141,Terstruktur dan sistematis itu udah dri dulu. Cara jokowi memenangkan pilpres kali ini sma dengan cara dia mengalahkan prabowo tahun 2019. Tersusun dengan rapi mulai dari atasan smpe bawahan. Semua Aparatur negara melakukan itu. ITU FAKTA!
"Feb 22, 2024 Â· 3:23 AM UTC",@Near_Fana,"Dikhianati? AHY nya aja yang tebar jala kemanaÂ² ditolak ğŸ¤£. Kalaupun skrg jd menteri, itupun faktor SBY yg turun gunung temuin prabowo. Balik lagi, faktor bapak berperan disini. Bapak yg cariin kerja buat anaknya ğŸ˜—"
"Feb 22, 2024 Â· 3:23 AM UTC",@minervanuevo,Jadi keinget sebelum pemilu mimpi Prabowo tapi malah takut.. takut diculik mungkin ya...
"Feb 22, 2024 Â· 3:22 AM UTC",@DedynurPalakka,"Kerja aja bro, ngga usah kebanyakan mikirin politik, karena anda bukan politisi. Kalau politisi macam saya sudah biasa melihat sesuatu yang terbolak-balik ğŸ¤­âœŒğŸ’¯ğŸ˜ğŸ‘"
"Feb 22, 2024 Â· 3:22 AM UTC",@enny_endah2,"Jujur dulu jg begitu ya, cuma saya dan bbrp temen karena dipihak yg menang jd tutup mata, tp setelah sadar dan ternyata yg kita lawan skrng bukan Prabowo tp justru dia lah orangnya yg sebenernya."
"Feb 21, 2024 Â· 2:52 PM UTC",@H4T14K4LN4L42,Rakyat Indonesia akan melawan bentuk kecurangan demojrasi pemilu oleh @KPU_ID 02 @prabowo
"Feb 22, 2024 Â· 3:22 AM UTC",@jokopri_79,"Sebentar lagi muji2 prabowo, dulu suharto, ganti sby, ganti jokowi, ganti megawatiğŸ¤£"
"Feb 21, 2024 Â· 11:02 AM UTC",@dekade_08,Kasih paham abangkuhhh.  #prabowo #gibran #prabowogibran #debatcapres #rakyat #indonesiamaju #bersamaindonesiamaju #dekade08 #mendingprabowo #terusmajubersamaprabowo
"Feb 21, 2024 Â· 7:14 PM UTC",@kurokuro_rakuga,#ãƒ–ãƒ«ã‚¢ã‚«  ã‚µã‚ªãƒªâ€¦â€¦ã†ã©ã‚“ç¾å‘³ã—ã„ã‹â€¦â€¦ï¼Ÿ å¤§ç››ã‚Šã«ã™ã‚‹ã¹ãã˜ã‚ƒãªã„ã‹â€¦â€¦ï¼Ÿ
"Feb 22, 2024 Â· 3:22 AM UTC",@Fanera02Fanera,Terkutuk lh kalian hey penghianat
"Feb 22, 2024 Â· 3:02 AM UTC",@Blue_ArchiveJP,ã€ã‚ãŠã¯ã‚‹ãƒ¬ã‚³ãƒ¼ãƒ‰ã€‘ç¬¬45è©± å…ˆç”Ÿã€ä»Šæ—¥ã¯ä¾¿åˆ©å±‹68ã®çš†ã•ã‚“ã¨ãŠé£Ÿäº‹ã«è¡Œãæ—¥ã§ã™ã­â™ª äºˆç´„ã—ãŸãƒ¬ã‚¹ãƒˆãƒ©ãƒ³ã¯é«˜ç´šãªãŠåº—ãªã®ã§ã€å…ˆç”Ÿã‚‚ãƒ‰ãƒ¬ã‚¹ã‚³ãƒ¼ãƒ‰ã«æ°—ã‚’ä»˜ã‘ã¦å‘ã‹ã„ã¾ã—ã‚‡ã†ï¼  ğŸ”·ä½œ:ã›ã‚‹ã’ã„(@pattundo)å…ˆç”Ÿ  #ãƒ–ãƒ«ã‚¢ã‚« #ã‚ãŠãƒ¬ã‚³
"Feb 22, 2024 Â· 3:22 AM UTC",@AqshalDraws,"Udh lha, Jkw Prabowo makan siang bareng aja bole. Masa ini engga"
"Feb 22, 2024 Â· 3:22 AM UTC",@saidiedi346545,Beginilah cara orang2.  Picik Yang takut kalah dalam pemilu...
"Feb 21, 2024 Â· 4:07 PM UTC",@proclaro_lover,"Pak Prabowo menerima ucapan selamat dari Sheikh Mohammed bin Zayed Al Nahyan, Presiden Ke-3 Uni Emirat Arab. Terdengar sapaan akrab â€œmy brotherâ€.  Sebagaimana kita tahu,  Jalan Tol Layang MBZ  yg membentang dari wilayah  Jkt-Cikampek mengambil nama dari Sheikh Mohammed Bin Zayed."
"Feb 22, 2024 Â· 3:22 AM UTC",@dedensujana,"Dulu Prabowo sewaktu jadi menantu Pak Harto berpangkat Pamen berani menegur jendral2 sekarang diikuti ajudannya  Mayted yg berani menegur semua orang, merasa paling Protec ,sebenarnya ajudan atau pengawal sih"
"Feb 21, 2024 Â· 4:09 PM UTC",@saotome013,2024å¹´ã®éŒ å‰ã‚µã‚ªãƒªä¾›çµ¦  ãƒ»ã‚µã‚ªãƒª(ãƒ‰ãƒ¬ã‚¹) ãƒ»ã‚µã‚ªãƒª(æ°´ç€) ãƒ»ã‚µã‚ªãƒª(DJ) â€»æ¨å®š  ã‚ã€€ã¡ã€€ã‚ƒã€€ãã€€ã¡ã€€ã‚ƒ
"Feb 22, 2024 Â· 3:22 AM UTC",@Allunk1801,Wkwkeke....dari mana aja luu.. Anies udah pernah jadi Mentri udah pernah jadi gubernur...bahkan prestasi Anies masih lebih baik dari @prabowo Wkwkwk aslii ngakakkk...
"Feb 22, 2024 Â· 3:22 AM UTC",@Budionotaslim3,"P.Prabowo bersuara lantang nampak spt org marah itu watak seorang prajurit yg tegas berwibawa,agr ank buah buah tunduk patuh kpd pimpinan,sejatinya beliau sangat baik contoh sodaraku ank buah di Kopassus pny keahlian khusus dikirim belajar ke LN,pangkat tamtama pensiun bs pamen"
"Feb 22, 2024 Â· 2:00 AM UTC",@aomiruki,"English (è‹±è¨³): ""A manga about a certain exit.""  Should I go back or keep going instead...? #UmaTranslations #ã‚¦ãƒå¨˜è‹±è¨³"
"Feb 22, 2024 Â· 3:22 AM UTC",@merdekadotcom,"Real Count KPU Suara Masuk 79,40% di Sumbar: Anies 56,47%, Prabowo 39,48% dan Ganjar 4,05% dlvr.it/T34kLC"
"Feb 22, 2024 Â· 3:22 AM UTC",@51_uzka,bhihihihihihihi..  kasihaannnnnn dehh
"Feb 21, 2024 Â· 3:11 AM UTC",@bengkeldodo,"""Kami tim Prabowo-Gibran dengan Koalisi Indonesia Maju, kami sudah mengumpulkan putra-putra dan putri-putri terbaik, otak terbaik, hati paling tulus dan ikhlas, bukan munafikun-munafikun yang kami kumpulkan,""Â   @prabowo"
"Feb 21, 2024 Â· 10:28 AM UTC",@Dydhudgmatta,Bapak Letjen(purn) prabowo subianto yang paling ikhlas mengajak anak2 muda berpartisipasi dalam membangun negri... Sehat2 slalu pak hingga hari pelantikanmu.
"Feb 22, 2024 Â· 3:21 AM UTC",@starucaman,"Begini ya nitizen yang budiman, singkatnya gini kalo mau bahas perolehan suara. 2014: Jokowi JK 53.15%,Prabowo Hatta 46,85% 2019: Jokowi Ma'ruf 55.40%,Prabowo Sandi 44.40% 2024:liat sendiri di pemilu2024.kpu.go.id See?sebagian besar rakyat menilai bukan dari partaiâ˜ºï¸."
"Feb 22, 2024 Â· 3:21 AM UTC",@surya_izrul,"@prabowo  Rasulullah bersabda â€œBarang siapa menghina saudaranya sebab suatu Â perbuatan dosa (fasik, munafik), niscaya ia tidak akan mati sebelum melakukan dosa yang samaâ€ (HR Turmudzi)."
"Feb 22, 2024 Â· 3:21 AM UTC",@natherman22,"oh seolah prabowo yg mau, rakyat ga goblok udh tau siapa yg punya ambisi"
"Feb 22, 2024 Â· 3:21 AM UTC",@Ozenzendin,"Duh ni orang lagi, selain pembela zionis, pembela prabowo juga ternyata  Kayaknya dibelakang 02 ini banyak yg pro zionist yaa"
"Feb 22, 2024 Â· 3:21 AM UTC",@NasNas519174084,"Paman ku adalah ayahku, terima kasih paman walapun melanggar etika aku menjadi wakil prabowo yg haram"
"Feb 22, 2024 Â· 3:21 AM UTC",@ganjarutkri,Prabowo : saya ga ikut paham neo-lib Suruh tuh adiknya yg jelas2 berpaham neo-lib
"Feb 21, 2024 Â· 3:25 PM UTC",@dekade_08,"Analisisnya sederhana, tapi gak meleset ya guys.  #prabowo #gibran #prabowogibran #debatcapres #rakyat #indonesiamaju #bersamaindonesiamaju #dekade08 #mendingprabowo #terusmajubersamaprabowo"
"Feb 22, 2024 Â· 3:21 AM UTC",@YAPSKH72,"Hitung Suara Pemilu Presiden Dan Wakil Presiden 2024  Hanoi Vietnam  Anies Rasyid Baswedan - Abdul Muhaimin Iskandar : 37 (27,82%)  Prabowo Subianto - Gibran Rakabuming Raka : 47 (35,34%)  Ganjar Pranowo - Mahfud Md : 49 (36,84%)  Progress : 100%  @KPU_ID"
"Feb 21, 2024 Â· 2:13 PM UTC",@dhemit_is_back,Anak Abah Jangan Lupa Makan Nanti ApaÂ² Salah Kubu 02 Hak Angket Gagal Salah Kubu 02 Menko Polhukam Ganti Salah Kudu 02  Sirekap Salah Kubu 02  Masih aja GakMAUTERIMA Sudah Yuk Habis Ini Waktunya Ngopi Santai Dan Awasi Pemerintahan Prabowo
"Feb 20, 2024 Â· 11:40 PM UTC",@keuangannews_id,Ratusan Jenderal TNI-Polri Desak Pemakzulan Jokowi hingga Diskualifikasi Prabowo-Gibran dari Pemilu 2024 https://keuangannews.id/ratusan-jenderal-tni-polri-desak-pemakzulan-jokowi-hingga-diskualifikasi-prabowo-gibran-dari-pemilu-2024/ lewat @Keuangan News
"Feb 22, 2024 Â· 3:21 AM UTC",@EddieFisher_id,"Pak Prabowo terima ucapan selamat dari Mohammed bin Zayed Al Nahyan dengan sapaan ""My Brother."""
"Feb 22, 2024 Â· 3:21 AM UTC",@subarkahae,Seratus tokoh gak mewakili 100 juta lebih pemilih Prabowo Subianto.   Kalian lebbih coxxok sebagai provokator.
"Feb 20, 2024 Â· 8:13 AM UTC",@porhaze,"Rupanya ini alasannya kenapa pak @jokowi manggil @RajaJuliAntoni  kemarin ke istana,  supaya gak mutung. Eks sekjen partai kecil ya kalahlah dibanding ketum partai raksasa meski eks sekjen itu rela dibully netijen tempo hari perkara bagi2 sertifikat sambil promoin prabowo"
"Feb 21, 2024 Â· 3:26 PM UTC",@dekade_08,Nih pembahasan soal sirekap.  #prabowo #gibran #prabowogibran #debatcapres #rakyat #indonesiamaju #bersamaindonesiamaju #dekade08 #mendingprabowo #terusmajubersamaprabowo
"Feb 22, 2024 Â· 1:23 AM UTC",@ChrisJ_2211,"Para celeng (cebong oleng) yg dulu sebarisan perang dgn kader2 gerindra/demokrat & anti Prabowo, Skrg tiap hari maki2 PDIP,Ganjar,Megawati & tokoh2 panutan yg dulu mrk puja Dgn alasan bela Jokowi  Gue mau lihat October nanti pas Prabowo jadi presiden, Masih alasan bela Jokowi?ğŸ˜Š"
"Feb 22, 2024 Â· 3:20 AM UTC",@Kaum__Jelata,Rakyat membutuhkan Presiden yg peduli pd rakyat  Jika sebelum jadi apa2 saja mau memperjuangkan tkayat dg uang dan tenaganya maka saat jadi Presiden pasti hidupnya untuk rakyat dg segenap kebijakannya  â¤ U capres #Prabowo
"Feb 22, 2024 Â· 3:20 AM UTC",@HasaniHasanudin,"Ini Indonesia maju yang terang,matahari terbit di upuk timur, yang gelap gulita tampa cahaya, perubahan, anis cak imin,prabowo, gibran, ganjar,yang lima itu udah di bantai sama saya dari dulu, tapi gak sadar merekağŸ¤£ğŸ˜‚ğŸ˜…ğŸ˜€ğŸ˜†ğŸ˜ƒğŸ¤£ğŸ˜‚ğŸ˜…tuh lihat potox bukti, terpantai yg 5 ituğŸ˜…ğŸ˜‚ğŸ¤£"
"Feb 21, 2024 Â· 3:54 AM UTC",@TaufikRendusara,"Mas AHY ketum partai yang mendukung pak Prabowo sbg capres.  Sudah selayaknya, memberikan informasi & meminta izin kepada capres yang diusung partainya karena pilpres belum disahkan kpu.  Terus, maksud lo... Memilih minta maaf daripada minta izin? Elo yang aneh kalau gitu #dapse"
"Feb 22, 2024 Â· 3:20 AM UTC",@Kenikir27,Semoga Pak @prabowo dan Mas @gibran_tweet mengetahui berita ini dan memberikan perhatian beliau berdua ke korban dan keluarganya. ğŸ¤²ğŸ¤²
"Feb 22, 2024 Â· 3:20 AM UTC",@Malaseen,"Wah ini seperti baca judul buku tapi belum baca isinya. Coba cari dlu video fullnya pak, pahami baru kemudian komen.. hahahah"
"Feb 20, 2024 Â· 3:27 AM UTC",@smekdoncat,"Kata gue sih sebelum presiden yang baru dilantik dan jajaran menteri baru secara resmi diumumkan, jangan terlalu percaya sama tweet yang ga jelas sumbernya dari mama. Gue selalu percaya Prabowo Gibran bisa memilih menteri yang jauh lebih questionable dari yang kita bayangkan."
"Feb 22, 2024 Â· 3:01 AM UTC",@opposite6892,Hercules Bulldog Prabowo
"Feb 22, 2024 Â· 3:20 AM UTC",@pandaludchu,"Dulu pendukung pa prabowo #2019gantipresident, sekarang dibantu sama pendukung jokowi buat mewujudkan cita2, eh malah ganti dukung anisğŸ¤£ğŸ¤£ğŸ¤£ğŸ¤£ğŸ¤£"
"Feb 20, 2024 Â· 12:06 AM UTC",@TheEconomist,"On TikTok Prabowo Subianto is a cute grandpa who loves his cat, Bobby, and dances badly.  But the man who seems likely to lead the worldâ€™s third-biggest democracy is dancing around a troubling pastâ€”which few young Indonesians either know or care about https://econ.st/3uAVyjJ ğŸ‘‡"
"Feb 20, 2024 Â· 1:34 PM UTC",@O7SUK,teume pas nonton reboot concert pake outfit biru muda takut dikira timses prabowo lagi kampanye akbar jilid 2
"Feb 21, 2024 Â· 8:27 PM UTC",@StefanAntonio__,". . Mau jadi pejabat publik tapi kuping tipis Bro ?? Waktu didukung dulu ga reaktif gini ??! ğŸ˜‚ğŸ˜‚ğŸ˜‚  Dilindungi dan dibantu Prabowo ?? ğŸ˜‚ğŸ˜‚ğŸ˜‚  Harap perlindungan itu dari Yang Kuasa Bro BUKAN DARI PENGUASA  Harap dibandu Prabowo ??! dari 2014 dukung Jokowi aja ga pernah harap bantuan dia apalagi harap dibantu Prabowo ğŸ˜‚ğŸ˜‚ğŸ˜‚ . . Gini Bro .. Lu Lu pada kan katanya udah menang Pilpres .. Pastiin aja YANG LU MENANGIN, KERJA BUAT RAKYAT Itu Utang Pribadi Lu buat Rakyat, Bangsa dan Negara Lu . ."
"Feb 22, 2024 Â· 3:19 AM UTC",@DedynurPalakka,"Yang aneh justru argumen anda, karena memang statusnya cuman mengarang bebas saja, memangnya anda ada pada saat Jokowi dan Bu Mega omon-omon soal 3 Periode?   ğŸ’¯âœŒğŸ¤­ğŸ˜‚"
"Feb 22, 2024 Â· 12:25 AM UTC",@korantempo,"Jatah Menteri Penggenap Koalisi  Masuknya Agus Yudhoyono ke kabinet Jokowi merupakan politik balas budi atas dukungan Demokrat dalam pemilihan presiden. Batu loncatan untuk posisi berikutnya di pemerintahan Prabowo.  Simak edisi terbaru Koran Tempo, hanya di koran.tempo.co #korantempodigital #KoranTempo"
"Feb 22, 2024 Â· 3:19 AM UTC",@rasya_erlangga1,Hello do you think my democracy is done. Don't support the dark democracy. I know u have the same action. But Indonesia still wait a going real count. Don't says do this.. Denied the dirty vote.
"Feb 22, 2024 Â· 3:19 AM UTC",@ridwan2474,Kapan prabowo ke papua buat nostalgia.
"Feb 21, 2024 Â· 1:52 PM UTC",@H4T14K4LN4L42,"Mantap abis Teri serangan fajar bansos @jokowi @prabowo CS dengan jumlah 560,36 T dari ahir 2022 - feb 2023 .  Wajar mulanginnya sembako dinaikan...!  Mbok Jagan kecewa, karena kecurangan terbongkar amplop bansos ditarik kembali dalam bentuk naik sembako. ğŸ¤­ğŸ¤­"
"Feb 22, 2024 Â· 3:19 AM UTC",@Watz1845,"Ada yg mulai main BOM ğŸ˜± ditempat prabowo menang... jadi menakutkan DEMOKRASI yang seharusnya Kebebasan Rakyat untuk Memilih dalam menentukan Calon Pemimpin nya.  Inilah jika MAKSA harus Menang.  Otoriter mengatasnamakan Demokrasi, padahal jelas Anti Demokrasi"
"Feb 22, 2024 Â· 3:19 AM UTC",@kangIwansarbini,Yang kita tunggu rakyat dari Prabowo gibran maunya lima tahun kedepan  sandang pangan papan murah rakyat tenang aman tdkada kerusuhan
"Feb 21, 2024 Â· 5:11 AM UTC",@detikcom,"Prabowo-Gibran menang di Madura. Ada sosok yang berperan besar memenangkan Prabowo-Gibran di Pulau Garam, siapa dia?  via @detikjatim_ https://www.detik.com/jatim/berita/d-7201430/ada-peran-besar-sosok-ini-di-balik-moncernya-suara-prabowo-di-madura?utm_campaign=detikcomsocmed&utm_medium=oa&utm_source=twitter&utm_content=detikjatim"
"Feb 22, 2024 Â· 3:19 AM UTC",@KimK93631,lg msal.ya 2ptrana emg yg bklan prabowo tuh ganjar wkwk yg pling akhir s hrs y diem aja . prcma ribet jga g bklan msuk 2ptran wkwk ngarepp ae
"Feb 21, 2024 Â· 10:25 AM UTC",@habiburokhman,Konpers TKN Prabowo Gibran soal Dugaan Kekerasan Pemilu 2024 di Tapanuli Tengah.   #HabiburokhmanDPRRI #Gerindra
"Feb 22, 2024 Â· 3:18 AM UTC",@BuchroniK,"Yang tidak mendukung Ditekan habis-habisan..diancam.. (Mahpud MD) Yang Punya Visi Misi IKN dilanjutkan hanya Prabowo, punya tanah dan bisnis air. ( Uni& Bambang). Kalau kalah masuk penjara ( Projo/Menkominfo). Dan Anies akan miskinkan koruptor"
"Feb 22, 2024 Â· 3:18 AM UTC",@Alfanmasfit,"saya baru di kasih pdfnya prabowo, mau ?"
"Feb 21, 2024 Â· 12:38 PM UTC",@noelbesars,Apakah pak @prabowo rela menjd pemenang dari hasil kecurangan?  Simak yuk agar gak gagal paham ğŸ˜ğŸ¤­
"Feb 22, 2024 Â· 3:18 AM UTC",@PaskRoony,Klo kerja kerja saja jgn salahkan orang klo konsentrasi terganggu fokis kerja
"Feb 22, 2024 Â· 3:18 AM UTC",@bosedii,"Elite pesta bagi2 Jabatan, Rakyat Antri beras.. BANGSaT Pemerintah"
"Feb 22, 2024 Â· 3:18 AM UTC",@yordanagil_me,Lika-liku PEMILU 2024  Yang milih Rakyat Yang menang Prabowo-Gibran Yang disalahkan KPU Yang didemo JOKOWI Yang dipolisikan Kapolri  Sekarang tambah koleksi lagi... Yang dianiaya Saksi 02
"Feb 22, 2024 Â· 3:18 AM UTC",@bistro1996,Dia belum tau 2017-2019 gimana Prabowo
"Feb 22, 2024 Â· 3:18 AM UTC",@marpaung913,"Jika yang berkuasa itu Prabowo tentu pimpinan koalisi adalah dia. Apalagi yang kau bicarakan .....! Itu pasal 34 ayat 3 UUD 45 ? Semua damai di negeri ini ....., tidak ada yang kelaparan."
"Feb 22, 2024 Â· 2:10 AM UTC",@hipohan,"Jadi penasaran, kira2 di gedung Komnas HAM nantinya bakal dipajang foto Pres Prabowo gak ?   Sebaliknya kira2 di gedung MK nantinya bakal dipajang foto Wapres Gibran gak ?   Maaf, cuma nanya, mohon saya jangan diculik ğŸ˜´"
"Feb 20, 2024 Â· 1:57 PM UTC",@3rwin__34,"Begini May Teddy status kamu ajudan prabowo,sedangkan DR. Gunawan Rusuldi,beliau lebih tinggi status dan job nya dari kamu ted..  Beliau ini pangkat nya Kolonel, disitu beliau posisi nya sebaris dengan Presiden bukan Capres..ajudan #songong ."
"Feb 22, 2024 Â· 3:18 AM UTC",@hadarbontang,Alhamdulillah dua putaran
"Feb 22, 2024 Â· 2:54 AM UTC",@Ndons_Back,"Tidak hanya memodernisasi alutsista dan meningkatkan sumber daya manusia bidang pertahanan, Menteri Pertahanan Prabowo Subianto @prabowo juga memperhatikan fasilitas kesehatan, dengan membangun 26 rumah sakit Kemhan/TNI di seluruh Indonesia, yang dapat dimanfaatkan oleh masyarakat Program Kemhan dalam bidang kesehatan ini, secara keseluruhan bertujuan meningkatkan kemampuan pelayanan 25 rumah sakit Kemhan/TNI, serta peningkatan kapabilitas RSPAD dengan pembangunan Proton Beam untuk penanganan cancer, yang menjadi salah satu pelayanan kesehatan terbaik di kawasan Asia Tenggara. @puspentni | @tni_angkatan_darat | @tni_angkatan_laut | @tweetmiliter"
"Feb 22, 2024 Â· 3:17 AM UTC",@Chavesz08,Klo di muslim emang rasa persaudaraan tinggi Hal yg biasa menyebut â€œbrother/sisterâ€
"Feb 22, 2024 Â· 3:17 AM UTC",@diktaber,"Dan tindakan anarkis kembali terjadi di Tapanuli Tengah Sumatera Utara, saksi tim Prabowo-Gibran dipukuli pendukung Anies-Muhaimin dan pertanyaannya mau sampai kapan? Disaat teriakan Kecurangan menggema maka disitulah terdapat nyawa nyawa yang terancam"
"Feb 22, 2024 Â· 3:17 AM UTC",@sweetpeony15,"Dia begini pasti ada perintah dari atasan, yaitu prabowoğŸ˜œ. Model pemimpin yang eksklusif, berjarak dengan rakyat. Silahakan diicip."
"Feb 22, 2024 Â· 3:17 AM UTC",@GaspolGp2024,"Mas, apakah siap dengan para mafia tanah yg hanya 8 bln ini?"
"Feb 22, 2024 Â· 3:17 AM UTC",@killedinside27,Semua berawal dari seseorang yg masuk gorong gorong
"Feb 22, 2024 Â· 3:17 AM UTC",@PanduHartono1,Munafiqun zindiq dzolim wal bathil ...model gerombolan 02 lagi teriak maling teriak maling...wkkw
"Feb 22, 2024 Â· 3:17 AM UTC",@ANTARABengkulu,AHY sebut Prabowo mendorong dirinya berperan di pemerintahan ke depan.https://bengkulu.antaranews.com/berita/333792/ahy-sebut-prabowo-mendorong-dirinya-berperan-di-pemerintahan-ke-depan
"Feb 22, 2024 Â· 3:17 AM UTC",@speachace,Justru prabowo yg gak beretika dikasih nilai dikit diem aja tapi pas rapat internal nyindik nyindir terus ndasmu etik ğŸ˜‚ sampe lupa wakilnya ngelanggar etik jugağŸ˜‚ Debat udah berlalu eh masih dibahas terus di depan pendukunnya sorry ye sorry yeğŸ˜‚ Kenapa gak balas aja pas debatğŸ˜‚
"Feb 21, 2024 Â· 6:07 AM UTC",@JudahLion88,"57 % Rakyat memilih Prabowo, dan kamu bilang mereka memilih pemimpin yang buruk ?  Kau waras Eep ? ğŸ¤£ ."
"Feb 22, 2024 Â· 3:17 AM UTC",@arif_sam07,Ujaran kebencian itu ada pasalnya bu. Biar ibu gag ngetweet halâ€ negatif. Aku tag aja orangâ€ yang ibu maksud semoga diusut yah @Gerindra @prabowo @gibran_tweet @jokowi @psi_id
"Feb 22, 2024 Â· 3:17 AM UTC",@inspirasilogika,"Itukan kan memang tugas dia wahai paranetizen mau pangkat dia tinggi atau rendah yah itu resiko dlm pengamanan pejabat. Orang dia tugasnya memang gitu, ga pandang bulu itu namanya profesional"
"Feb 22, 2024 Â· 3:17 AM UTC",@JHPrabowo,ğŸ˜ŒğŸ˜ŒğŸ˜ŒğŸ˜Œ
"Feb 22, 2024 Â· 1:57 AM UTC",@MasEsnan,"Mas Joko, nikah itu gak usah nunggu punya 2T  2024 - 571 = 1.453 1.453 x 365 = 530.345 hari Rp. 3,5 Jt x 530.345 = Rp. 1,8 Trilyun Kekayaan Pak Prabowo 2T  Ya Allah, mampukan kami istiqamah 2 raka'at  sunnah Fajr ğŸ¤²"
"Feb 22, 2024 Â· 3:16 AM UTC",@posaktualcom,"Soal Pihak yang Enggan Diajak Gabung ke Kubu Prabowo, TKN: Yaudah Sana di Luar  kontenislam.com/2024/02/soalâ€¦ kontenislam.com/2024/02/soalâ€¦"
"Feb 22, 2024 Â· 3:16 AM UTC",@marveel46,"Mikir aja dengan ada PT 20% akan memaksa mereka untuk berkoalisi, bayangin kalau partai besar itu berkoalisi mereka udah pasti mengantongi suara mayoritas di parlemen, dan rezim Prabowo akan menjadi pemerintahan yang absolute seperti rezim Jokowi."
"Feb 22, 2024 Â· 3:16 AM UTC",@Maudy_Apain,Mau hak angket.. Mau interpelasi atau mau ngapain aja kan tdk dilarang UU..Kalo dah ngerasa menang napa sewot dah  Prabowo aja dulu kalah jg protes sampe mau bawa bukti sekontainer dan demo di bawaslu sampe bnyk korban jiwa kok
"Feb 20, 2024 Â· 11:41 PM UTC",@aik_arif,"Kolom saya hari ini, memotret kemenangan Prabowo-Gibran dari perspektif kemenangan sosial media atas jurnalisme, juga menandai kemunduran demokrasi yg bs dibajak sosok otokratis utk berkuasa."
"Feb 22, 2024 Â· 3:16 AM UTC",@aldofetthr,"Lu yg otaknya kemana wkwkw, ditanyain bukti yg nyulik nya mana, malah ngasih aksi kamisan. Dikira dengan adanya kamisan prabowo langsung jadi pelaku gitu? Laskar trisakti aja Di kubu wowo sekarang. Kalo Lu kuliah fokus belajar menangin otak kecil lo."
"Feb 22, 2024 Â· 3:16 AM UTC",@hendarsungkara,"Aku Bilang mirip bukan M416, mirip bisa 10â„…/90â„…. Tergantung orang yang lihat"
"Feb 22, 2024 Â· 12:32 AM UTC",@Petruk_Penipu,Baby sitter di Singapur aja banyak bacot ğŸ˜‹
"Feb 22, 2024 Â· 3:16 AM UTC",@FerdiBigg,Calon Mentri Agama Kabinet Prabowo klo Menjadi PresidentğŸ˜€ğŸ¤­
"Feb 21, 2024 Â· 2:11 PM UTC",@embah72,"Banyak diceritakan orangÂ² Kemhan dan Pati Pamen TNI ttg sosok Tedy itu mmg benar sering membuat mrk geram. Mrk merasa di kangkangi junior, geram namun mrk tahan. Fakta itu bisa kita lihat jelas saat jd pengawal Jkw dan skrg prabowo. Bisa banyangkan kalau sdh tdk lg jd ajudan ga ?"
"Feb 22, 2024 Â· 3:16 AM UTC",@jakfar87,Sudah mengakui kemenangan Prabowo Gibran ya ?
"Feb 21, 2024 Â· 2:11 PM UTC",@feedemady,"Udah paling bener minum Vegeta herbal biar BAB lancar, malah milih dicoblos acar timun"
"Feb 22, 2024 Â· 3:15 AM UTC",@milkuenyar,"Gelar Dr,  tapi baca judul doang. Psu ulang di 38 provinsi dengan jumlah tps yg psu dibawah 1500. Kalau tiap tps 300 dpt,  dikali 1500 hasilnya 450k dpt. Itu pendukung prabowo tetep kerja dan nyangkul saja gak nyoblos tetep gak sampai 1% suara."
"Feb 22, 2024 Â· 3:15 AM UTC",@IdSinpo,"Hasil Real Count Pilpres 2024 KPU hingga Kamis, (22/2/2024) pukul 10.00 WIB menunjukan pasangan calon Prabowo Subianto-Gibran Rakabuming Raka masih unggul dalam perolehan suara dari Anies Baswedan-Muhaimin Iskandar dan Ganjar Pranowo-Mahfud MD. #kpu #pilpres2024 #pemilu2024"
"Feb 22, 2024 Â· 3:15 AM UTC",@riski_890,"SetujuğŸ–•, semoga semua munafikun lenyap dr bumi Indonesia udah nggak sanggup liat gw pengen adu sparing  gw patahin lehernya"
"Feb 22, 2024 Â· 3:15 AM UTC",@Sri_nuryantiK,Aceh cerdas g milih prabowo. Masih trauma dom
"Feb 22, 2024 Â· 3:15 AM UTC",@HasaniHasanudin,"Ada kabar intruksi dari anak buah prabowo, subianto, mau pisah diri katax dari IMF, Indonesia maju, anis cak imin, prabowo gibran, ganjar, mahpud MD udah kembali ke indonesia maju, TNI, polri KPK, dan pakar hukum, pilih HMM Indonesia maju atau perubahan,TNI polri, KPK,pilihğŸ˜…ğŸ˜‚ğŸ¤£"
"Feb 22, 2024 Â· 3:15 AM UTC",@anoraph3,Oiii teletabis Lo liat Prabowo baiknya opo Yo??
"Feb 22, 2024 Â· 3:15 AM UTC",@HutahaeanAzhar,Prabowo gak takut ditanyakan tentang enam syuhada FPI yg dihianati olehnya ?
"Feb 22, 2024 Â· 3:15 AM UTC",@estiyunho_,Dia kayaknya lagi deket sama salah satu ajudannya prabowo yaa  Kok mau ya ğŸ¤”
"Feb 22, 2024 Â· 3:15 AM UTC",@densatjo,"98. JahatÂ² mahasiswa demonstrannya. Selaen ngerakit bom, juga aksiÂ² bengis kek gini. Mirip israel. Yg disalahin prabowo tiap 5 taun"
"Feb 22, 2024 Â· 3:15 AM UTC",@Rydi64106934,Sebentar juga adu nyali mana yg bisa ambil alih.....Prabowo yg betul2 berkuasa atau Gibran yg dilindungi dari sisa kekuasaan !
"Feb 21, 2024 Â· 8:39 PM UTC",@drReUtari08,"Ayo Anak Abah juga boleh Datang yaa Doa untuk Negri dan juga Ganjarist silahkan datang , Kita Satukan hati dengan kedamaian yaa , insyaAllah kemakmuran Indonesia di bawah President @prabowo  Dan @gibran_tweet u Indonesia ğŸ‡®ğŸ‡© #temanprabowosubiantoğŸ‡¨ğŸ‡­"
"Feb 22, 2024 Â· 3:14 AM UTC",@IbrahimGatot1,Terus 60 â„… Rakyat Indonesia pemilih prabowo gibran diam saja gitu weeeh entar dulu tanduk elo bisa patah ğŸ˜
"Feb 22, 2024 Â· 3:14 AM UTC",@AwingDamin34525,"Halo  pak  Prabowo merangkul bukan cari musuh negara Indonesia harus bebas dari radikalisme,kalo mau berperang pergi di Yaman sana katanya Paslon 01 menang di sana"
"Feb 21, 2024 Â· 10:56 PM UTC",@Peroniinay,Revitalisasi Pemilu: Sistem Informasi Rekapitulasi Elektronik (Sirekap) Mempercepat dan Meningkatkan Akurasi Proses Rekapitulasi Suara. #PemiluJujur #PemiluIndonesia
"Feb 22, 2024 Â· 3:14 AM UTC",@rizkira_fauzia,Tanggung Jawab pak ğŸ‘‰ğŸ‘‰ @KPU_ID @prabowo
"Feb 22, 2024 Â· 3:08 AM UTC",@jr205newlivery,"Mereka boleh nuding orang ableist, tapi mereka bisa jadi ableist selama yang dihina lawan politik  Itu yg ngedoain prabowo setruk kan sirkel mrk, ya ableist lah anjing"
"Feb 16, 2024 Â· 6:16 AM UTC",@restyworo,"Indonesia, welcome your new kingmaker, Jokowi. Will he be a bane or boon to Prabowo? â€œJokowi is doing some high-level gambling"" by trusting that Prabowo will stick to his vow of continuity, but he might have a plan up his sleeve to ensure it's happening. https://www.scmp.com/week-asia/politics/article/3252080/indonesias-kingmaker-joko-widodo-leaves-indelible-mark-nation-prabowo-subianto-win"
"Feb 22, 2024 Â· 3:14 AM UTC",@pluviophileee01,"Kalo gue jujur udah nyerah, lingkungan gue yg dkung pak prabowo gibran tetap membela, ""beras harganya naik ini ulahny pasti karna ad yg ga suka pak prabowo menang presiden"", gue udh benerÂ² bingung mau respon gmn"
"Feb 22, 2024 Â· 3:14 AM UTC",@AndipanjaitanP,Gara2 argumen kau yg aneh2 jd berkurang konsentrasi ke pekerjaan saya. Kau makan mi gomak dulu sana gih
"Feb 22, 2024 Â· 3:14 AM UTC",@dwiipratamaa,"Pernah mba, Yang gaada etika itu justru kamu sendiri, Paslon Lo ngasih nilai ke Prabowo, Sekarang masyarakat yang nilai ETIKA Paslon Lo, Dasar miskin pengetahuan Fanatisme membunuh kepintaran otak Lo mba..  GWS, Lo tuh pinter, udah kedoktrin ETIKA  jadi apa apa harus etika no 1"
"Feb 22, 2024 Â· 3:14 AM UTC",@brokevariant,ğŸ˜­ğŸ˜­ğŸ˜­
"Feb 17, 2024 Â· 11:55 AM UTC",@EdwardAspinall,Read this truly excellent analysis of the Indonesian presidential election by @sdjaffrey and @evewarburton  - â€œExplaining the Prabowo landslideâ€  https://www.newmandala.org/explaining-the-prabowo-landslide/
"Feb 22, 2024 Â· 3:13 AM UTC",@ElectoPanorama,"ğŸ‡®ğŸ‡© #Indonesia  ğŸ—³ï¸ ElecciÃ³n presidencial #Pilpres2024  ğŸ“Š #RealCountKPU al 74,4%  ğŸŸ¦ #Prabowo y #Gibran: â˜‘ï¸ 63.480.726 votos (58,9%)âœ… â¬œï¸ #Anies y #Muhaimin: â˜‘ï¸ 25.974.742 votos (24,1%) ğŸŸ¥ #Ganjar y #Mahfud: â˜‘ï¸ 18.355.601 votos (17,0%)  #PemiluSerentak2024 #Pemilu2024 #RealCount"
"Feb 22, 2024 Â· 3:13 AM UTC",@V2Rifky13340,Mending Prabowo belajar sama SDIT yang sepaket sama catering deh
"Feb 16, 2024 Â· 10:45 PM UTC",@maxwalden_,How the irrepressible Prabowo strategised his way to the palace https://www.theage.com.au/world/asia/how-the-irrepressible-prabowo-strategised-his-way-to-the-palace-20240216-p5f5jt.html
"Feb 22, 2024 Â· 3:13 AM UTC",@rpton,"Makanya, kalau ada yg tak beres, lawan sejak awal langsung total. Politikus kita sih, nggak mau frontal mengritik MK dan Gibran dan PRABOWO waktu awal dulu. Harusnya sikat terus dan lawan terus sampai batal. Kalau sudah kalah begini, jadi susah."
"Feb 20, 2024 Â· 8:14 AM UTC",@Strategi_Bisnis,"Jakarta Raya terdiri dari Jakarta, Bekasi, Tangerang, Bogor x Depok.  70% ekonomi RI ada disini. Bukan IKN.   CEO Wapres. Gubernur ditunjuk x lapor ke Wapres.  Gibran akan amat poweful.   Koalisi Prabowo mungkin akan setuju RUU ini sbg hadiah buat pak Jokowi x Gibran.  Lol."
"Feb 22, 2024 Â· 1:24 AM UTC",@chandraLaras22,"Uhuuuy...  Tontonan di mulai  Saling curiga Saling tikung menikung Saling mengadali Saling cakar-cakaran Ini baru jilid 1, Jokowi - Gerindra - Demokrat Besok jikid 2, Jokowi, Prabowo  Gelar tiker..... ğŸ¤­  @AyamSegar3 @EllyKoro @TaliUdeng @KuasaAngin2"
"Feb 22, 2024 Â· 3:13 AM UTC",@Iteung_aja,Pantesan Prabowo jadi idola
"Feb 22, 2024 Â· 3:13 AM UTC",@itosoewandi,"Benar dek, saat kalian kampanye yg dtg sangat banyak! & semua manusia. Tapi saat jurkam tanya: Siapa yg akan dipilih...??? Prabowo...Prabowo...  ğŸ˜‚"
"Feb 22, 2024 Â· 3:12 AM UTC",@Petruk_Penipu,Yg terpojok fakta siapa cong
"Feb 22, 2024 Â· 3:12 AM UTC",@AlwanRusyii,"Tuh kan kalah sama Gibran-Prabowo, ngenes ga? @riobahtiar  Moeldoko | Hak Angket | MKMK | #UdahNyataHasilTPSnya | Rancaekek | Tornado"
"Feb 22, 2024 Â· 3:12 AM UTC",@dutagear5,2019 pendukung prabowo aja udah 44% ditambah jokowi gabung.. apa gak naik tu suara.. apa lu pikir semua pendukung jokowi di 2019 yg 56% itu akan berbalik ngedukung 01? Emg anies siapa? Kalian bisa ngedoktrin yg 56% itu?
"Feb 22, 2024 Â· 3:12 AM UTC",@Trimoselatpanj1,Maaf pak? Tu makan gratis dari duitnya Prabowo atau negara? Kalo negara itu bukan gratis namanya
"Feb 22, 2024 Â· 3:12 AM UTC",@leotrizana,Wajar aja.. Karena pendukung prabowo bukan hanya gerindra..   Lihat saja.. Partai koalisi nya kan banyak. Bahkan yag partai pdip  pun pilih prabowo.   Jadi pooling prabowo lebih besar dibanding partainya
"Feb 22, 2024 Â· 3:11 AM UTC",@wrahardian2,"lebih tepatnya membangun kesadaran rakyat unt mencoblos Prabowo-Gibran krn menilai 01 dan 03 curang dg menyebar propaganda dimasa tenang, rakyat logikanya simpel saja : pihak yg menyebar kampanye hitam dimasa tenang pasti pihak yg jahat, krn orang baik tdk akan melakukan itu"
"Feb 22, 2024 Â· 3:11 AM UTC",@Petruk_Penipu,Privasi apa tong
"Feb 22, 2024 Â· 2:23 AM UTC",@berfirmanlah,pagi yang cerah untuk menghina program maksi gratis dari prabowo
"Feb 22, 2024 Â· 3:11 AM UTC",@Arkann507,"Kata prabowo ""ya kalau nyalahin cuaca ngapain ada pemerintahan"""
"Feb 22, 2024 Â· 3:11 AM UTC",@Bakdaimsak,She forgot what jokowi and prabowo did in 2014. They made a huge segregation between cebong and kampret.
"Feb 22, 2024 Â· 3:10 AM UTC",@netytarigan,Mayor melihat Prabowo cinta pertama nya kali ..
"Feb 22, 2024 Â· 3:10 AM UTC",@addin_islah,Beliau inilah nantinya yang membuat prabowo dengan image jauh Dari rakyat
"Feb 16, 2024 Â· 12:24 AM UTC",@Skyr2023,"Rekomendasi Iphone Murah Di Kantong!  Wajib cek disiniğŸŒŸ Save Aja Dulu, CO nya Belakangan!  -A thread-  Tag: #zonauang #Fashion #ShopeeID Saksi Prabowo Human Centipede Nasdem Mbappe Nessie Moona Kamisan"
"Feb 22, 2024 Â· 3:10 AM UTC",@fieldworker19,"No offense ke pak prabowo dan pak ganjar, mereka tetep orang hebat kok. Tapi bener opini mbak nia ini pak anies itu datang dengan menawarkan visi misi perubahan. Jadi bisa dibedakan yaa."
"Feb 22, 2024 Â· 3:10 AM UTC",@kuningemass,Pencapaian yang luar biasa dari Partai Golkar ğŸ’› #airlanggahartarto #golkarindonesia #prabowo #gibran #jokowi #prabowogibran
"Feb 22, 2024 Â· 3:10 AM UTC",@lensaRTV,Berikut data dari KPU:  - Anies-Muhaimin: 56.48% - Prabowo-Gibran: 39.47% - Ganjar-Mahfud: 4.05%  #hitungKPU #realcount #pilpres2024 #pemilu2024 #KPU #aniesmuhaimin #prabowogibran #ganjarmahfud #sumatrabarat #sumbar
"Feb 22, 2024 Â· 3:10 AM UTC",@AndipanjaitanP,"Bkn omon2, dihadapan jokowi sendiri bu mega bilang ""maaf maaf aja, kalo sdh 2 periode ya 2 periode aja"". Aneh2 argumen kau"
"Feb 22, 2024 Â· 3:10 AM UTC",@Ruwahel,Pinternya si perry ya... Trus prabowo kok gk mundur ya.. padahal kebarat ke timur joget2 gitu .. otak mana otak.! .
"Feb 22, 2024 Â· 3:10 AM UTC",@Kenikir27,"Kata Presiden Prabowo, ""Sorry yeee....sorry yeee..."". Gimana dong? ğŸ˜‚ğŸ˜‚"
"Feb 22, 2024 Â· 3:09 AM UTC",@ackermonk,Waduh bawa2 keluarga pa prabowo skrg
"Feb 22, 2024 Â· 3:09 AM UTC",@panjianom102,Dia gak tau tiwul itu dr apağŸ˜ğŸ˜ğŸ˜... Pdhl foodestate nanam singkong buat bikin tiwul... jadinya nasi jagung ğŸ˜
"Feb 22, 2024 Â· 3:09 AM UTC",@awawawaw44,"https://nsarchive.gwu.edu/document/16734-document-32-dia-combined-information-report  ...the trial of 11 low-ranking Kopassus officers... ""Human rights activists say the 11 are merely scapegoats for the high-ranking officials who ordered the kidnappings,"" including Lt. Gen. Prabowo."
"Feb 22, 2024 Â· 3:09 AM UTC",@ujetujet2,Lengserkan secepatnya
"Feb 22, 2024 Â· 3:09 AM UTC",@WonogiriPD,Kalau diulang menang Prabowo lagi gimana ?? Mau diulang lagi?
"Feb 21, 2024 Â· 1:00 PM UTC",@akupadi5,Kekuasaan : kunci Prabowo menang pemilu satu putaran !!
"Feb 22, 2024 Â· 3:09 AM UTC",@DewantoDio,Buktinya kan udah jelas Gibran-Prabowo menang @dhibadhie  Moeldoko | Hak Angket | MKMK | #UdahNyataHasilTPSnya | Rancaekek | Tornado
"Feb 22, 2024 Â· 3:09 AM UTC",@KurniaPhiaa,Tuh kan Gibran-Prabowo emg lbih pantas menang @AjengTriadi  Moeldoko | Hak Angket | MKMK | #UdahNyataHasilTPSnya | Rancaekek | Tornado
